{"BTC": {"tvl": 4178257676.4206934}, "ETH": {"tvl": 40608672559.40962}, "SOL": {"tvl": 4817715324.595599}, "BNB": {"tvl": 4904161012.171955}}