{"BTC": {"tvl": 3832944997.975472}, "ETH": {"tvl": 36907196741.62359}, "SOL": {"tvl": 4835304187.700806}, "BNB": {"tvl": 4821143556.712046}}