{"BTC": {"tvl": 8605175778.006424}, "ETH": {"tvl": 96851517332.92696}, "SOL": {"tvl": 13207346796.348291}, "BNB": {"tvl": 7750552397.701785}}