{"BTC": {"tvl": 7646253837.490333}, "ETH": {"tvl": 94400377028.75757}, "SOL": {"tvl": 10870350037.587114}, "BNB": {"tvl": 7217596670.423737}}