{"BTC": {"tvl": 7731901257.021729}, "ETH": {"tvl": 93916009361.39972}, "SOL": {"tvl": 11037201864.18747}, "BNB": {"tvl": 7551058976.170729}}