{"BTC": {"tvl": 5295627467.081959}, "ETH": {"tvl": 55889260464.53688}, "SOL": {"tvl": 6772315321.380705}, "BNB": {"tvl": 5875592443.842733}}