{"BTC": {"tvl": 9115354131.258356}, "ETH": {"tvl": 94787432303.94868}, "SOL": {"tvl": 12664120361.830633}, "BNB": {"tvl": 8613423548.016935}}