{"BTC": {"tvl": 8046960582.520128}, "ETH": {"tvl": 85001943110.01918}, "SOL": {"tvl": 11258897074.376858}, "BNB": {"tvl": 8379127615.378812}}