{"BTC": {"tvl": 4981823561.381984}, "ETH": {"tvl": 42333323856.195595}, "SOL": {"tvl": 5447173416.116318}, "BNB": {"tvl": 5511915142.003605}}