{"BTC": {"tvl": 4870241221.884832}, "ETH": {"tvl": 54281576289.49715}, "SOL": {"tvl": 5728177208.989478}, "BNB": {"tvl": 5368692129.142226}}