{"BTC": {"tvl": 7089376646.238112}, "ETH": {"tvl": 72725649149.05658}, "SOL": {"tvl": 8725503563.071266}, "BNB": {"tvl": 6774728455.787675}}