{"BTC": {"tvl": 2892343700.354666}, "ETH": {"tvl": 56276835767.96841}, "SOL": {"tvl": 6915143129.679426}, "BNB": {"tvl": 5717749000.348947}}