{"BTC": {"tvl": 4448952972.940079}, "ETH": {"tvl": 54326599656.24699}, "SOL": {"tvl": 6713798395.705494}, "BNB": {"tvl": 5605700999.96635}}