{"BTC": {"tvl": 6991682214.19433}, "ETH": {"tvl": 72228823420.53851}, "SOL": {"tvl": 9429660315.424051}, "BNB": {"tvl": 6746271303.213253}}