{"BTC": {"tvl": 7078083436.824274}, "ETH": {"tvl": 72528916595.031}, "SOL": {"tvl": 8743821399.246853}, "BNB": {"tvl": 6779889313.296379}}