{"BTC": {"tvl": 3468859682.360584}, "ETH": {"tvl": 39250743394.35545}, "SOL": {"tvl": 4989528416.427389}, "BNB": {"tvl": 4739153496.473241}}