{"BTC": {"tvl": 6669050682.464261}, "ETH": {"tvl": 69427639292.75964}, "SOL": {"tvl": 9129177339.46857}, "BNB": {"tvl": 7060741790.987356}}