{"BTC": {"tvl": 4225015445.587415}, "ETH": {"tvl": 41086252303.03549}, "SOL": {"tvl": 4889420826.080509}, "BNB": {"tvl": 4896988589.588404}}