{"BTC": {"tvl": 7975737735.582884}, "ETH": {"tvl": 91226489766.20578}, "SOL": {"tvl": 11985686563.13527}, "BNB": {"tvl": 7529063916.417034}}