{"BTC": {"tvl": 5401138327.653914}, "ETH": {"tvl": 46018720683.74229}, "SOL": {"tvl": 5626568892.7852745}, "BNB": {"tvl": 5587022733.751321}}