{"BTC": {"tvl": 3539947876.9336104}, "ETH": {"tvl": 39906072202.33059}, "SOL": {"tvl": 5106553293.4361}, "BNB": {"tvl": 4982816806.391447}}