{"BTC": {"tvl": 7418960726.917452}, "ETH": {"tvl": 89378429578.52818}, "SOL": {"tvl": 10998409390.302649}, "BNB": {"tvl": 7600602649.686447}}