{"BTC": {"tvl": 8164332575.618498}, "ETH": {"tvl": 85500158365.99619}, "SOL": {"tvl": 11452441009.788946}, "BNB": {"tvl": 8519052813.239976}}