{"BTC": {"tvl": 7057298513.876898}, "ETH": {"tvl": 71952384313.01468}, "SOL": {"tvl": 9439222072.660973}, "BNB": {"tvl": 7244068972.798225}}