{"BTC": {"tvl": 8071594726.470586}, "ETH": {"tvl": 91435280740.84657}, "SOL": {"tvl": 12329362654.153868}, "BNB": {"tvl": 7520900862.532783}}