{"BTC": {"tvl": 8252858961.5337715}, "ETH": {"tvl": 88529009814.94347}, "SOL": {"tvl": 11771270644.234259}, "BNB": {"tvl": 8722195242.502295}}