{"BTC": {"tvl": 4530448333.733316}, "ETH": {"tvl": 53582619852.538055}, "SOL": {"tvl": 6252300232.772094}, "BNB": {"tvl": 5282944581.49275}}