{"BTC": {"tvl": 4197285348.589253}, "ETH": {"tvl": 37596298849.530205}, "SOL": {"tvl": 4687503770.202852}, "BNB": {"tvl": 5257040318.566283}}