{"BTC": {"tvl": 6967195379.483711}, "ETH": {"tvl": 71486131678.34369}, "SOL": {"tvl": 8784046508.516468}, "BNB": {"tvl": 6819521405.246572}}