{"BTC": {"tvl": 7035888129.952093}, "ETH": {"tvl": 72984982771.3907}, "SOL": {"tvl": 8828738390.155895}, "BNB": {"tvl": 6844065119.382236}}