{"BTC": {"tvl": 4411748685.956927}, "ETH": {"tvl": 59848669350.86572}, "SOL": {"tvl": 6422436123.982335}, "BNB": {"tvl": 5561018766.870062}}