{"BTC": {"tvl": 7767938205.9818945}, "ETH": {"tvl": 77489524681.48508}, "SOL": {"tvl": 10369841164.47798}, "BNB": {"tvl": 7884323364.243811}}