{"BTC": {"tvl": 6879937046.297982}, "ETH": {"tvl": 69002437818.69768}, "SOL": {"tvl": 8285170470.45718}, "BNB": {"tvl": 6802309517.000532}}