{"BTC": {"tvl": 2906225002.3974442}, "ETH": {"tvl": 56053004225.34425}, "SOL": {"tvl": 6800939274.999366}, "BNB": {"tvl": 5940349791.78784}}