{"BTC": {"tvl": 6198881369.271426}, "ETH": {"tvl": 66182712780.85781}, "SOL": {"tvl": 8523645670.72472}, "BNB": {"tvl": 6589015477.594805}}