{"BTC": {"tvl": 6926580399.112532}, "ETH": {"tvl": 69275775706.0396}, "SOL": {"tvl": 8322079383.657424}, "BNB": {"tvl": 6823987368.434099}}