{"BTC": {"tvl": 5063514805.821389}, "ETH": {"tvl": 42844834411.61982}, "SOL": {"tvl": 5443740968.610366}, "BNB": {"tvl": 5595570827.417164}}