{"BTC": {"tvl": 7392433513.527632}, "ETH": {"tvl": 75188933507.58551}, "SOL": {"tvl": 9160475774.486454}, "BNB": {"tvl": 7155389283.717069}}