{"BTC": {"tvl": 5052004936.702763}, "ETH": {"tvl": 56111869777.60454}, "SOL": {"tvl": 5890341827.874059}, "BNB": {"tvl": 5439631247.593809}}