{"BTC": {"tvl": 8366276394.07672}, "ETH": {"tvl": 88928688584.92215}, "SOL": {"tvl": 11323420258.46453}, "BNB": {"tvl": 7872290919.131687}}