{"BTC": {"tvl": 4329572294.669217}, "ETH": {"tvl": 42010545623.39448}, "SOL": {"tvl": 4957104245.054609}, "BNB": {"tvl": 4927256464.161172}}