{"BTC": {"tvl": 6339573448.604641}, "ETH": {"tvl": 67574614247.59884}, "SOL": {"tvl": 9000061242.252357}, "BNB": {"tvl": 6875206372.589505}}