{"BTC": {"tvl": 7682310036.937225}, "ETH": {"tvl": 79439844923.23941}, "SOL": {"tvl": 10327159524.99352}, "BNB": {"tvl": 7794962389.547733}}