{"BTC": {"tvl": 5098846188.920888}, "ETH": {"tvl": 43132241238.56835}, "SOL": {"tvl": 5514594410.156358}, "BNB": {"tvl": 5622866841.1954}}