{"BTC": {"tvl": 4310858313.266029}, "ETH": {"tvl": 52544755887.4556}, "SOL": {"tvl": 6375470847.321067}, "BNB": {"tvl": 5245008002.464213}}