{"BTC": {"tvl": 8526849203.561907}, "ETH": {"tvl": 93762682639.27489}, "SOL": {"tvl": 12766037076.145016}, "BNB": {"tvl": 7583364789.20614}}