{"BTC": {"tvl": 3568779109.4529037}, "ETH": {"tvl": 40388484481.271}, "SOL": {"tvl": 4990801626.850287}, "BNB": {"tvl": 4935361516.105948}}