{"BTC": {"tvl": 3500448093.3735547}, "ETH": {"tvl": 40466449163.602425}, "SOL": {"tvl": 4903816580.066726}, "BNB": {"tvl": 4963872538.552983}}