{"BTC": {"tvl": 4047144145.823753}, "ETH": {"tvl": 36925699599.72265}, "SOL": {"tvl": 4781761756.817856}, "BNB": {"tvl": 5143080519.364857}}