{"BTC": {"tvl": 4372747713.923995}, "ETH": {"tvl": 55078518172.303535}, "SOL": {"tvl": 6558616700.9087105}, "BNB": {"tvl": 5782922260.713596}}