{"BTC": {"tvl": 5089748056.749097}, "ETH": {"tvl": 44992022715.03318}, "SOL": {"tvl": 5411834539.803285}, "BNB": {"tvl": 5446947310.969591}}