{"BTC": {"tvl": 8200781628.151317}, "ETH": {"tvl": 86857484976.09758}, "SOL": {"tvl": 11379213584.218245}, "BNB": {"tvl": 8829020125.390354}}