{"BTC": {"tvl": 6977449509.614119}, "ETH": {"tvl": 71637313832.83809}, "SOL": {"tvl": 8854613417.129463}, "BNB": {"tvl": 6911862920.373777}}