{"BTC": {"tvl": 5621725709.314797}, "ETH": {"tvl": 59446190751.05106}, "SOL": {"tvl": 7239107838.952074}, "BNB": {"tvl": 6020595292.982167}}