{"BTC": {"tvl": 4395092669.624293}, "ETH": {"tvl": 53689000110.4879}, "SOL": {"tvl": 6552369045.687259}, "BNB": {"tvl": 5614451764.523502}}