{"BTC": {"tvl": 6813253281.728916}, "ETH": {"tvl": 71252243917.9268}, "SOL": {"tvl": 9459430517.595837}, "BNB": {"tvl": 7236284994.943857}}