{"BTC": {"tvl": 5221034610.412682}, "ETH": {"tvl": 56839099396.975075}, "SOL": {"tvl": 5991866948.768865}, "BNB": {"tvl": 5647715513.005535}}