{"BTC": {"tvl": 4560414184.125742}, "ETH": {"tvl": 56119163797.45852}, "SOL": {"tvl": 6769507724.2209635}, "BNB": {"tvl": 5962451628.316236}}