{"BTC": {"tvl": 6857169094.152894}, "ETH": {"tvl": 70170824259.5052}, "SOL": {"tvl": 8746893411.826225}, "BNB": {"tvl": 6649761979.663119}}