{"BTC": {"tvl": 5107015908.489346}, "ETH": {"tvl": 55138307070.89511}, "SOL": {"tvl": 6577420267.815349}, "BNB": {"tvl": 5788799649.03557}}