{"BTC": {"tvl": 5420610090.832797}, "ETH": {"tvl": 46143015370.0187}, "SOL": {"tvl": 5545860958.867604}, "BNB": {"tvl": 5592494278.5381155}}