{"BTC": {"tvl": 7972103625.714612}, "ETH": {"tvl": 85207901777.55829}, "SOL": {"tvl": 11123869764.444891}, "BNB": {"tvl": 8380762627.870293}}