{"BTC": {"tvl": 3567795989.0683846}, "ETH": {"tvl": 55832685485.83494}, "SOL": {"tvl": 6757372882.131455}, "BNB": {"tvl": 5442160939.485903}}