{"BTC": {"tvl": 4584876886.903834}, "ETH": {"tvl": 56045471952.45358}, "SOL": {"tvl": 6758506608.967916}, "BNB": {"tvl": 6011003915.671326}}