{"BTC": {"tvl": 6688965185.746552}, "ETH": {"tvl": 71977328894.83736}, "SOL": {"tvl": 9019335359.040096}, "BNB": {"tvl": 6996901567.089042}}