{"BTC": {"tvl": 6447572157.179637}, "ETH": {"tvl": 69991118474.93352}, "SOL": {"tvl": 8833777451.149961}, "BNB": {"tvl": 6956058530.885945}}