{"BTC": {"tvl": 7537444497.433743}, "ETH": {"tvl": 74196868673.5048}, "SOL": {"tvl": 9985060405.0865}, "BNB": {"tvl": 7588811129.085578}}