{"BTC": {"tvl": 7126614458.626226}, "ETH": {"tvl": 70451926308.90489}, "SOL": {"tvl": 8827854883.917278}, "BNB": {"tvl": 6839374284.641745}}