{"BTC": {"tvl": 7217977415.542957}, "ETH": {"tvl": 73625973010.00008}, "SOL": {"tvl": 8825776893.344297}, "BNB": {"tvl": 6855626816.004451}}