{"BTC": {"tvl": 8467029603.430963}, "ETH": {"tvl": 88554376480.3001}, "SOL": {"tvl": 11304742234.090305}, "BNB": {"tvl": 9108692500.89891}}