{"BTC": {"tvl": 6982296870.208397}, "ETH": {"tvl": 70456637329.64137}, "SOL": {"tvl": 8588201109.18764}, "BNB": {"tvl": 6572491298.685034}}