{"BTC": {"tvl": 6570878586.163187}, "ETH": {"tvl": 68509394043.82499}, "SOL": {"tvl": 8818061326.626568}, "BNB": {"tvl": 7017345816.726129}}