{"BTC": {"tvl": 4117913221.8076873}, "ETH": {"tvl": 38463441820.89471}, "SOL": {"tvl": 4924550285.118204}, "BNB": {"tvl": 5173694969.125517}}