{"BTC": {"tvl": 4539629357.451347}, "ETH": {"tvl": 55704352830.23017}, "SOL": {"tvl": 6745866132.457087}, "BNB": {"tvl": 5487353267.974398}}