{"BTC": {"tvl": 8478290424.486065}, "ETH": {"tvl": 92720418334.20026}, "SOL": {"tvl": 12452084511.66284}, "BNB": {"tvl": 7548875800.383223}}