{"BTC": {"tvl": 3995203434.237755}, "ETH": {"tvl": 37733041604.760506}, "SOL": {"tvl": 4711056557.410726}, "BNB": {"tvl": 5010326883.828771}}