{"BTC": {"tvl": 6861219152.140366}, "ETH": {"tvl": 68708112546.13635}, "SOL": {"tvl": 8420551166.214747}, "BNB": {"tvl": 6764470186.916938}}