{"BTC": {"tvl": 5883792148.294718}, "ETH": {"tvl": 60342060687.12274}, "SOL": {"tvl": 8106046596.561646}, "BNB": {"tvl": 6177200689.586088}}