{"BTC": {"tvl": 7992651218.85912}, "ETH": {"tvl": 84912247252.55298}, "SOL": {"tvl": 11073613708.830765}, "BNB": {"tvl": 8362979630.895399}}