{"BTC": {"tvl": 8673578226.808722}, "ETH": {"tvl": 93570075680.95842}, "SOL": {"tvl": 12409112589.878521}, "BNB": {"tvl": 7811285134.690993}}