{"BTC": {"tvl": 6804854299.496029}, "ETH": {"tvl": 68281916360.98054}, "SOL": {"tvl": 8436091962.636107}, "BNB": {"tvl": 6399580279.839174}}