{"BTC": {"tvl": 5335981082.856776}, "ETH": {"tvl": 45787008966.61426}, "SOL": {"tvl": 5466907359.104281}, "BNB": {"tvl": 5539875119.7604}}