{"BTC": {"tvl": 4407504852.611849}, "ETH": {"tvl": 40339795406.71237}, "SOL": {"tvl": 5070470090.419005}, "BNB": {"tvl": 5450305653.524108}}