{"BTC": {"tvl": 5228626931.299249}, "ETH": {"tvl": 45764532720.43355}, "SOL": {"tvl": 5424090176.900575}, "BNB": {"tvl": 5473544122.504961}}