{"BTC": {"tvl": 7160876600.999728}, "ETH": {"tvl": 73650750787.91585}, "SOL": {"tvl": 9459509845.958738}, "BNB": {"tvl": 7180622634.379553}}