{"BTC": {"tvl": 8146880112.71649}, "ETH": {"tvl": 85831661076.08672}, "SOL": {"tvl": 11066447185.482832}, "BNB": {"tvl": 7628439383.948583}}