{"BTC": {"tvl": 4962850733.50398}, "ETH": {"tvl": 42751709623.78751}, "SOL": {"tvl": 5369282879.442105}, "BNB": {"tvl": 5558473263.182537}}