{"BTC": {"tvl": 4716130312.482504}, "ETH": {"tvl": 56074802424.22849}, "SOL": {"tvl": 6852838837.737486}, "BNB": {"tvl": 6025168141.746866}}