{"BTC": {"tvl": 6902145774.382318}, "ETH": {"tvl": 69005217657.5258}, "SOL": {"tvl": 8528265498.079085}, "BNB": {"tvl": 6803323642.816308}}