{"BTC": {"tvl": 4182479240.3062487}, "ETH": {"tvl": 40782366909.925064}, "SOL": {"tvl": 4824255525.191374}, "BNB": {"tvl": 4928646383.95359}}