{"BTC": {"tvl": 4494421375.990515}, "ETH": {"tvl": 52818833542.02441}, "SOL": {"tvl": 6329220971.868031}, "BNB": {"tvl": 5262351879.347117}}