{"BTC": {"tvl": 4870557223.632401}, "ETH": {"tvl": 53283441107.26229}, "SOL": {"tvl": 6133808171.49344}, "BNB": {"tvl": 5261936750.409692}}