{"BTC": {"tvl": 2929166595.1086507}, "ETH": {"tvl": 56500316991.615715}, "SOL": {"tvl": 6945295791.034914}, "BNB": {"tvl": 5785343175.659962}}