{"BTC": {"tvl": 6463635307.952222}, "ETH": {"tvl": 70047254031.09225}, "SOL": {"tvl": 8828636244.467743}, "BNB": {"tvl": 6930323624.771818}}