{"BTC": {"tvl": 3715130648.2103505}, "ETH": {"tvl": 41320701870.87635}, "SOL": {"tvl": 4911560862.05312}, "BNB": {"tvl": 4955363626.007218}}