{"BTC": {"tvl": 8481428840.365455}, "ETH": {"tvl": 88376119744.68222}, "SOL": {"tvl": 11502342610.197983}, "BNB": {"tvl": 7862264767.234206}}