{"BTC": {"tvl": 8597147521.477745}, "ETH": {"tvl": 96041965903.27632}, "SOL": {"tvl": 13114946747.968449}, "BNB": {"tvl": 7734854922.311856}}