{"BTC": {"tvl": 4492678033.021824}, "ETH": {"tvl": 54787138838.42517}, "SOL": {"tvl": 6585975587.913653}, "BNB": {"tvl": 5634988946.358396}}