{"BTC": {"tvl": 4261826269.8950634}, "ETH": {"tvl": 41230104012.39533}, "SOL": {"tvl": 4905312739.283788}, "BNB": {"tvl": 4772606889.980914}}