{"BTC": {"tvl": 5174655713.167435}, "ETH": {"tvl": 44124215592.85686}, "SOL": {"tvl": 5962873231.891406}, "BNB": {"tvl": 5547120146.551671}}