{"BTC": {"tvl": 6273071938.273236}, "ETH": {"tvl": 65852067810.55675}, "SOL": {"tvl": 8563152786.009383}, "BNB": {"tvl": 6619977381.445155}}