{"BTC": {"tvl": 4496823655.824656}, "ETH": {"tvl": 52842986362.26061}, "SOL": {"tvl": 6418229758.106493}, "BNB": {"tvl": 5278644233.766433}}