{"BTC": {"tvl": 7451912686.407521}, "ETH": {"tvl": 73793183673.78159}, "SOL": {"tvl": 9936346268.996124}, "BNB": {"tvl": 8110666729.004062}}