{"BTC": {"tvl": 4406360002.208694}, "ETH": {"tvl": 53822175753.71644}, "SOL": {"tvl": 6570040784.6305485}, "BNB": {"tvl": 5583708680.609986}}