{"BTC": {"tvl": 4593227439.921217}, "ETH": {"tvl": 53997780327.64357}, "SOL": {"tvl": 6314024985.967102}, "BNB": {"tvl": 5404309890.129438}}