{"BTC": {"tvl": 8813569104.23788}, "ETH": {"tvl": 96125657151.24799}, "SOL": {"tvl": 12974428868.83837}, "BNB": {"tvl": 7882254400.19638}}