{"BTC": {"tvl": 3064624147.5256524}, "ETH": {"tvl": 59616342307.16416}, "SOL": {"tvl": 7212123307.022833}, "BNB": {"tvl": 5946101477.491298}}