{"BTC": {"tvl": 7026055512.338723}, "ETH": {"tvl": 71795888448.12723}, "SOL": {"tvl": 8936906719.93029}, "BNB": {"tvl": 6924716314.801782}}