{"BTC": {"tvl": 5181725939.60533}, "ETH": {"tvl": 45346057677.419174}, "SOL": {"tvl": 5451511943.834401}, "BNB": {"tvl": 5470534124.9908495}}