{"BTC": {"tvl": 8346510262.534193}, "ETH": {"tvl": 87321948206.89706}, "SOL": {"tvl": 11432505044.939142}, "BNB": {"tvl": 7790856545.926052}}