{"BTC": {"tvl": 6609727881.508705}, "ETH": {"tvl": 69511284820.61322}, "SOL": {"tvl": 9128801141.520687}, "BNB": {"tvl": 7095356907.970602}}