{"BTC": {"tvl": 6695797325.699734}, "ETH": {"tvl": 72537955211.05376}, "SOL": {"tvl": 8968424811.921696}, "BNB": {"tvl": 6898717901.975357}}