{"BTC": {"tvl": 7962449994.079078}, "ETH": {"tvl": 91264980429.15114}, "SOL": {"tvl": 11865053876.06872}, "BNB": {"tvl": 7524420985.353142}}