{"BTC": {"tvl": 5217289548.208292}, "ETH": {"tvl": 55869365039.40147}, "SOL": {"tvl": 6448637123.871046}, "BNB": {"tvl": 5681979974.10045}}