{"BTC": {"tvl": 4932332892.912027}, "ETH": {"tvl": 53656564074.58887}, "SOL": {"tvl": 6260244144.864918}, "BNB": {"tvl": 5588726339.403306}}