{"BTC": {"tvl": 8859883332.389587}, "ETH": {"tvl": 93791874048.15118}, "SOL": {"tvl": 12647427723.67459}, "BNB": {"tvl": 8335004320.331116}}