{"BTC": {"tvl": 6350294935.012518}, "ETH": {"tvl": 65738627062.87957}, "SOL": {"tvl": 8846973448.702831}, "BNB": {"tvl": 7271485958.43249}}