{"BTC": {"tvl": 8254127365.873535}, "ETH": {"tvl": 88596168728.71246}, "SOL": {"tvl": 11650181196.853966}, "BNB": {"tvl": 8809202134.159334}}