{"BTC": {"tvl": 3022106646.3614917}, "ETH": {"tvl": 58976248026.374954}, "SOL": {"tvl": 7079162698.370072}, "BNB": {"tvl": 5859994101.79317}}