{"BTC": {"tvl": 4094256233.5439687}, "ETH": {"tvl": 39689324189.368195}, "SOL": {"tvl": 5101251947.516409}, "BNB": {"tvl": 4980398795.799434}}