{"BTC": {"tvl": 3954702366.349628}, "ETH": {"tvl": 37593848446.29472}, "SOL": {"tvl": 4786420547.119659}, "BNB": {"tvl": 4932619127.118588}}