{"BTC": {"tvl": 8461700122.203738}, "ETH": {"tvl": 90244975422.64911}, "SOL": {"tvl": 11973656513.282232}, "BNB": {"tvl": 7798383032.058999}}