{"BTC": {"tvl": 7236072122.995187}, "ETH": {"tvl": 74725077489.74678}, "SOL": {"tvl": 8992560657.142069}, "BNB": {"tvl": 6922094613.17134}}