{"BTC": {"tvl": 7472875315.733514}, "ETH": {"tvl": 75179857383.6935}, "SOL": {"tvl": 9918809126.77323}, "BNB": {"tvl": 7609015809.201855}}