{"BTC": {"tvl": 4193378728.7212095}, "ETH": {"tvl": 37979254369.16316}, "SOL": {"tvl": 4929381862.145982}, "BNB": {"tvl": 5224716709.755176}}