{"BTC": {"tvl": 4578734276.894113}, "ETH": {"tvl": 55987011635.17744}, "SOL": {"tvl": 6772133698.28664}, "BNB": {"tvl": 5976692682.306456}}