{"BTC": {"tvl": 5407061395.928474}, "ETH": {"tvl": 46085958656.54578}, "SOL": {"tvl": 5639851921.400027}, "BNB": {"tvl": 5596431039.625371}}