{"BTC": {"tvl": 6579308188.141908}, "ETH": {"tvl": 71197821570.73764}, "SOL": {"tvl": 8928256396.700216}, "BNB": {"tvl": 7065537870.3356905}}