{"BTC": {"tvl": 3920727253.416271}, "ETH": {"tvl": 37403672951.10352}, "SOL": {"tvl": 4848084183.804303}, "BNB": {"tvl": 4982030321.456313}}