{"BTC": {"tvl": 7899015598.919735}, "ETH": {"tvl": 90736621243.54683}, "SOL": {"tvl": 11478965868.292385}, "BNB": {"tvl": 7413124314.984186}}