{"BTC": {"tvl": 6591974854.117973}, "ETH": {"tvl": 68622684512.87779}, "SOL": {"tvl": 8849854555.074825}, "BNB": {"tvl": 7053374295.605571}}