{"BTC": {"tvl": 7984954471.289538}, "ETH": {"tvl": 91710727979.59512}, "SOL": {"tvl": 12210542856.479767}, "BNB": {"tvl": 7477076552.044424}}