{"BTC": {"tvl": 3947007587.6314664}, "ETH": {"tvl": 37938646843.55862}, "SOL": {"tvl": 4910822437.387472}, "BNB": {"tvl": 4888195043.822816}}