{"BTC": {"tvl": 4480879072.598513}, "ETH": {"tvl": 52716506003.93513}, "SOL": {"tvl": 6416745944.395634}, "BNB": {"tvl": 5274654964.221932}}