{"BTC": {"tvl": 7885444016.980969}, "ETH": {"tvl": 83042347573.17755}, "SOL": {"tvl": 10954558256.112656}, "BNB": {"tvl": 8137848198.877066}}