{"BTC": {"tvl": 6768022959.148385}, "ETH": {"tvl": 68630873606.78814}, "SOL": {"tvl": 8398572773.728808}, "BNB": {"tvl": 6389826739.052611}}