{"BTC": {"tvl": 6418215529.694278}, "ETH": {"tvl": 68208950913.03236}, "SOL": {"tvl": 8737554315.220118}, "BNB": {"tvl": 6918913362.506858}}