{"BTC": {"tvl": 4383887800.165197}, "ETH": {"tvl": 54709986230.783554}, "SOL": {"tvl": 6532611128.79883}, "BNB": {"tvl": 5800549714.822686}}