{"BTC": {"tvl": 7610710150.616892}, "ETH": {"tvl": 75318042676.43726}, "SOL": {"tvl": 10188001855.74814}, "BNB": {"tvl": 7630383385.909218}}