{"BTC": {"tvl": 6524624085.690509}, "ETH": {"tvl": 69333247580.90627}, "SOL": {"tvl": 8761441531.05951}, "BNB": {"tvl": 6944930174.532513}}