{"BTC": {"tvl": 4371583627.354108}, "ETH": {"tvl": 42082702419.89175}, "SOL": {"tvl": 4979965651.002015}, "BNB": {"tvl": 4953436266.184475}}