{"BTC": {"tvl": 6029980134.686395}, "ETH": {"tvl": 63214736093.06512}, "SOL": {"tvl": 8890493496.29012}, "BNB": {"tvl": 6372326430.558152}}