{"BTC": {"tvl": 8363320840.101298}, "ETH": {"tvl": 90076817386.95776}, "SOL": {"tvl": 11914642288.252867}, "BNB": {"tvl": 7825350068.544578}}