{"BTC": {"tvl": 4310019254.215804}, "ETH": {"tvl": 52808583872.08939}, "SOL": {"tvl": 6405824647.148649}, "BNB": {"tvl": 5265823400.1946745}}