{"BTC": {"tvl": 4336072428.634897}, "ETH": {"tvl": 39178189135.86666}, "SOL": {"tvl": 5060766612.180033}, "BNB": {"tvl": 5310130580.729276}}