{"BTC": {"tvl": 4206345264.487874}, "ETH": {"tvl": 41006120666.48092}, "SOL": {"tvl": 4870434755.8386965}, "BNB": {"tvl": 4895311732.925228}}