{"BTC": {"tvl": 8599942546.781685}, "ETH": {"tvl": 95954637889.23949}, "SOL": {"tvl": 13345951168.2897}, "BNB": {"tvl": 7737446620.083494}}