{"BTC": {"tvl": 5381936283.960429}, "ETH": {"tvl": 46077769731.53073}, "SOL": {"tvl": 5451443014.572617}, "BNB": {"tvl": 5549515168.820108}}