{"BTC": {"tvl": 4866216964.705442}, "ETH": {"tvl": 53672188632.352356}, "SOL": {"tvl": 5703555498.054993}, "BNB": {"tvl": 5377363250.574328}}