{"BTC": {"tvl": 8392411757.050514}, "ETH": {"tvl": 88301595329.07552}, "SOL": {"tvl": 11287058754.03549}, "BNB": {"tvl": 9031049769.895962}}