{"BTC": {"tvl": 4773463509.203979}, "ETH": {"tvl": 41819327621.87816}, "SOL": {"tvl": 5229858926.576619}, "BNB": {"tvl": 5448423596.153615}}