{"BTC": {"tvl": 8043606551.338004}, "ETH": {"tvl": 97059493194.35316}, "SOL": {"tvl": 11391403832.850342}, "BNB": {"tvl": 7610114601.609676}}