{"BTC": {"tvl": 8007778275.867103}, "ETH": {"tvl": 84835017994.16162}, "SOL": {"tvl": 11008254061.9925}, "BNB": {"tvl": 8435021172.44781}}