{"BTC": {"tvl": 8840342436.347958}, "ETH": {"tvl": 95674199807.61536}, "SOL": {"tvl": 12762308469.355352}, "BNB": {"tvl": 7907225885.533103}}