{"BTC": {"tvl": 4480967225.078612}, "ETH": {"tvl": 52514758160.559494}, "SOL": {"tvl": 5383392974.775663}, "BNB": {"tvl": 5214199179.594187}}