{"BTC": {"tvl": 4999472202.383579}, "ETH": {"tvl": 54261678499.50115}, "SOL": {"tvl": 6448056551.259142}, "BNB": {"tvl": 5650234795.302005}}