{"BTC": {"tvl": 8077944681.842619}, "ETH": {"tvl": 86701367917.33829}, "SOL": {"tvl": 11617101227.326735}, "BNB": {"tvl": 8656521774.334293}}