{"BTC": {"tvl": 4213687785.9234886}, "ETH": {"tvl": 38832636060.382965}, "SOL": {"tvl": 4970078498.894863}, "BNB": {"tvl": 5210832856.21499}}