{"BTC": {"tvl": 5212253920.866391}, "ETH": {"tvl": 45895849241.16762}, "SOL": {"tvl": 5577816489.485347}, "BNB": {"tvl": 5563249859.48259}}