{"BTC": {"tvl": 4090923246.41334}, "ETH": {"tvl": 37150396555.49122}, "SOL": {"tvl": 4800869207.430842}, "BNB": {"tvl": 5185654052.692248}}