{"BTC": {"tvl": 8137769413.742847}, "ETH": {"tvl": 94746243832.5002}, "SOL": {"tvl": 11766188895.106436}, "BNB": {"tvl": 7689455955.742367}}