{"BTC": {"tvl": 3992911939.1204753}, "ETH": {"tvl": 37415222316.79419}, "SOL": {"tvl": 4698750137.677403}, "BNB": {"tvl": 4993649778.872198}}