{"BTC": {"tvl": 5879103864.610094}, "ETH": {"tvl": 59946370527.8552}, "SOL": {"tvl": 7523504294.7403345}, "BNB": {"tvl": 6199605966.7856}}