{"BTC": {"tvl": 2954393762.351519}, "ETH": {"tvl": 55897646386.86492}, "SOL": {"tvl": 6851872162.054222}, "BNB": {"tvl": 5738712283.678466}}