{"BTC": {"tvl": 7604231414.77698}, "ETH": {"tvl": 74952231291.72499}, "SOL": {"tvl": 10112080369.22552}, "BNB": {"tvl": 7601156130.671354}}