{"BTC": {"tvl": 8298206366.714993}, "ETH": {"tvl": 86901984115.32794}, "SOL": {"tvl": 11292808726.768284}, "BNB": {"tvl": 7857190616.656565}}