{"BTC": {"tvl": 6611377656.391194}, "ETH": {"tvl": 68981381155.35257}, "SOL": {"tvl": 9085819679.39762}, "BNB": {"tvl": 7049621391.397958}}