{"BTC": {"tvl": 5124087890.729634}, "ETH": {"tvl": 55902100633.905685}, "SOL": {"tvl": 6763859404.4878235}, "BNB": {"tvl": 5573776006.598916}}