{"BTC": {"tvl": 2874167123.356537}, "ETH": {"tvl": 55981176971.33028}, "SOL": {"tvl": 6779068903.908301}, "BNB": {"tvl": 5489855464.7009945}}