{"BTC": {"tvl": 7887076624.68952}, "ETH": {"tvl": 91103775019.63776}, "SOL": {"tvl": 11572960525.705713}, "BNB": {"tvl": 7493834095.151909}}