{"BTC": {"tvl": 8182394041.467819}, "ETH": {"tvl": 83863361282.11095}, "SOL": {"tvl": 11297115245.580078}, "BNB": {"tvl": 8707840630.33921}}