{"BTC": {"tvl": 4755282251.591124}, "ETH": {"tvl": 55283987233.62892}, "SOL": {"tvl": 6854078919.963586}, "BNB": {"tvl": 5655179115.658138}}