{"BTC": {"tvl": 6798488947.49437}, "ETH": {"tvl": 71080765603.72063}, "SOL": {"tvl": 9274561040.001064}, "BNB": {"tvl": 7180026425.961656}}