{"BTC": {"tvl": 4195232266.6105437}, "ETH": {"tvl": 37725340212.05727}, "SOL": {"tvl": 4709581595.735659}, "BNB": {"tvl": 5263016531.819627}}