{"BTC": {"tvl": 6798123704.39372}, "ETH": {"tvl": 68922535804.01065}, "SOL": {"tvl": 8699462421.42033}, "BNB": {"tvl": 6672122589.161787}}