{"BTC": {"tvl": 8301811040.083351}, "ETH": {"tvl": 88889295816.1494}, "SOL": {"tvl": 11490158943.797136}, "BNB": {"tvl": 8901428563.842777}}