{"BTC": {"tvl": 5092617251.121434}, "ETH": {"tvl": 43261660762.66811}, "SOL": {"tvl": 6004242669.717495}, "BNB": {"tvl": 5515891730.941424}}