{"BTC": {"tvl": 8199670733.582566}, "ETH": {"tvl": 93890413510.23775}, "SOL": {"tvl": 10594584000.953348}, "BNB": {"tvl": 7668475938.792108}}