{"BTC": {"tvl": 6974725279.46209}, "ETH": {"tvl": 70197529481.01054}, "SOL": {"tvl": 8596009277.522116}, "BNB": {"tvl": 6615043423.704124}}