{"BTC": {"tvl": 6980330995.368038}, "ETH": {"tvl": 69944164266.78252}, "SOL": {"tvl": 8807790665.444906}, "BNB": {"tvl": 6680342760.327308}}