{"BTC": {"tvl": 6856280347.235836}, "ETH": {"tvl": 68702814630.61848}, "SOL": {"tvl": 8467548829.122773}, "BNB": {"tvl": 6439864477.9846945}}