{"BTC": {"tvl": 3686524559.7725625}, "ETH": {"tvl": 41065767644.93467}, "SOL": {"tvl": 4866189004.815599}, "BNB": {"tvl": 4958590878.290963}}