{"BTC": {"tvl": 8056833605.520497}, "ETH": {"tvl": 85246541507.6288}, "SOL": {"tvl": 11221541501.355669}, "BNB": {"tvl": 8354775717.354977}}