{"BTC": {"tvl": 6963177569.562399}, "ETH": {"tvl": 71562266272.11047}, "SOL": {"tvl": 8843081641.091133}, "BNB": {"tvl": 6894194090.703492}}