{"BTC": {"tvl": 7653420189.061353}, "ETH": {"tvl": 91803917297.06567}, "SOL": {"tvl": 10642756509.333553}, "BNB": {"tvl": 7176555281.230591}}