{"BTC": {"tvl": 8779953152.178856}, "ETH": {"tvl": 93951573093.77577}, "SOL": {"tvl": 12517134805.104458}, "BNB": {"tvl": 8071523106.276378}}