{"BTC": {"tvl": 9140561223.037666}, "ETH": {"tvl": 97727606976.51443}, "SOL": {"tvl": 12922725851.290089}, "BNB": {"tvl": 8933299011.705427}}