{"BTC": {"tvl": 3404332428.368975}, "ETH": {"tvl": 54904591851.45654}, "SOL": {"tvl": 6686084104.617619}, "BNB": {"tvl": 5899313847.374046}}