{"BTC": {"tvl": 6979009630.593972}, "ETH": {"tvl": 71631159182.30702}, "SOL": {"tvl": 8857338833.80009}, "BNB": {"tvl": 6875459195.077951}}