{"BTC": {"tvl": 7399048763.100547}, "ETH": {"tvl": 75044410989.7431}, "SOL": {"tvl": 9133542768.451014}, "BNB": {"tvl": 7105498888.050951}}