{"BTC": {"tvl": 4221642213.4443855}, "ETH": {"tvl": 41112492332.95537}, "SOL": {"tvl": 4871366095.009634}, "BNB": {"tvl": 4916155419.197378}}