{"BTC": {"tvl": 7686383080.046472}, "ETH": {"tvl": 79088959765.62845}, "SOL": {"tvl": 10356482635.98368}, "BNB": {"tvl": 7763301879.102153}}