{"BTC": {"tvl": 4103444721.4032454}, "ETH": {"tvl": 36978571050.87941}, "SOL": {"tvl": 4538828835.809448}, "BNB": {"tvl": 5155790811.707246}}