{"BTC": {"tvl": 7622557869.981201}, "ETH": {"tvl": 74993826022.90547}, "SOL": {"tvl": 10212814283.956501}, "BNB": {"tvl": 7641068957.877103}}