{"BTC": {"tvl": 9100933435.96535}, "ETH": {"tvl": 98212177595.52966}, "SOL": {"tvl": 12867857286.568527}, "BNB": {"tvl": 9191631541.034435}}