{"BTC": {"tvl": 4947328336.03427}, "ETH": {"tvl": 54599221504.16091}, "SOL": {"tvl": 5778273602.247922}, "BNB": {"tvl": 5420111938.909632}}