{"BTC": {"tvl": 4927138717.361131}, "ETH": {"tvl": 54351245448.19203}, "SOL": {"tvl": 5791693071.010995}, "BNB": {"tvl": 5404925768.228375}}