{"BTC": {"tvl": 7840467478.408684}, "ETH": {"tvl": 82010321080.19557}, "SOL": {"tvl": 10623200360.786894}, "BNB": {"tvl": 8069407014.670162}}