{"BTC": {"tvl": 7988635598.204441}, "ETH": {"tvl": 84896176588.73505}, "SOL": {"tvl": 11344373440.237633}, "BNB": {"tvl": 8343176208.034876}}