{"BTC": {"tvl": 6412024158.464619}, "ETH": {"tvl": 67147691506.29261}, "SOL": {"tvl": 8673301715.517054}, "BNB": {"tvl": 6811803452.708021}}