{"BTC": {"tvl": 7503553925.361261}, "ETH": {"tvl": 74613622583.5479}, "SOL": {"tvl": 10033434934.060873}, "BNB": {"tvl": 7719920216.018432}}