{"BTC": {"tvl": 5122688149.98337}, "ETH": {"tvl": 50627136205.370834}, "SOL": {"tvl": 5790578392.737534}, "BNB": {"tvl": 5484118220.79301}}