{"BTC": {"tvl": 8498856094.103784}, "ETH": {"tvl": 93133743685.97433}, "SOL": {"tvl": 12717341431.977865}, "BNB": {"tvl": 7546232424.124983}}