{"BTC": {"tvl": 6201851099.091924}, "ETH": {"tvl": 65725846128.98271}, "SOL": {"tvl": 9241468573.372059}, "BNB": {"tvl": 6572074273.468754}}