{"BTC": {"tvl": 4674860973.653637}, "ETH": {"tvl": 54303999352.70754}, "SOL": {"tvl": 5541242810.3343115}, "BNB": {"tvl": 5364144643.868978}}