{"BTC": {"tvl": 8875223973.50869}, "ETH": {"tvl": 94197467223.80974}, "SOL": {"tvl": 12435933596.224566}, "BNB": {"tvl": 9170319279.388891}}