{"BTC": {"tvl": 8219004965.102511}, "ETH": {"tvl": 87116183930.74182}, "SOL": {"tvl": 11318861275.22426}, "BNB": {"tvl": 8765342497.470284}}