{"BTC": {"tvl": 6944388562.986113}, "ETH": {"tvl": 69643673469.8629}, "SOL": {"tvl": 8336883753.279427}, "BNB": {"tvl": 6859562660.07312}}