{"BTC": {"tvl": 8783499298.368696}, "ETH": {"tvl": 92255862348.36021}, "SOL": {"tvl": 12341637230.178616}, "BNB": {"tvl": 8013597844.973966}}