{"BTC": {"tvl": 6338439230.264035}, "ETH": {"tvl": 67340524693.21258}, "SOL": {"tvl": 8878074031.007063}, "BNB": {"tvl": 6812092622.640029}}