{"BTC": {"tvl": 4025717484.068809}, "ETH": {"tvl": 36252724473.755226}, "SOL": {"tvl": 4735715462.332758}, "BNB": {"tvl": 5071488328.832751}}