{"BTC": {"tvl": 4548962696.51264}, "ETH": {"tvl": 52894239755.53961}, "SOL": {"tvl": 5491947095.542411}, "BNB": {"tvl": 5374641143.132917}}