{"BTC": {"tvl": 5000720364.83724}, "ETH": {"tvl": 55680933424.25167}, "SOL": {"tvl": 5817998170.252182}, "BNB": {"tvl": 5444529312.982119}}