{"BTC": {"tvl": 6406265284.899944}, "ETH": {"tvl": 68329962654.97131}, "SOL": {"tvl": 9059361804.937063}, "BNB": {"tvl": 6909890097.9116955}}