{"BTC": {"tvl": 5211115758.760991}, "ETH": {"tvl": 45711195215.68338}, "SOL": {"tvl": 5420985040.6120205}, "BNB": {"tvl": 5469529681.286566}}