{"BTC": {"tvl": 6133842481.645833}, "ETH": {"tvl": 67443265786.076584}, "SOL": {"tvl": 9171080510.365915}, "BNB": {"tvl": 6587078775.496655}}