{"BTC": {"tvl": 4838387902.772123}, "ETH": {"tvl": 53667553149.40631}, "SOL": {"tvl": 5693784298.815564}, "BNB": {"tvl": 5396981439.687185}}