{"BTC": {"tvl": 6434188529.656098}, "ETH": {"tvl": 67708839202.238815}, "SOL": {"tvl": 9018035148.702202}, "BNB": {"tvl": 6865586659.239177}}