{"BTC": {"tvl": 6949788192.824268}, "ETH": {"tvl": 69588656185.58423}, "SOL": {"tvl": 8513933140.867911}, "BNB": {"tvl": 6824160537.778155}}