{"BTC": {"tvl": 4042323197.138218}, "ETH": {"tvl": 37110590226.1338}, "SOL": {"tvl": 4769469183.250764}, "BNB": {"tvl": 5136285837.698757}}