{"BTC": {"tvl": 7375649700.230014}, "ETH": {"tvl": 74791028648.5503}, "SOL": {"tvl": 9159911474.662825}, "BNB": {"tvl": 7111407116.438313}}