{"BTC": {"tvl": 5002487203.991902}, "ETH": {"tvl": 54100717927.2562}, "SOL": {"tvl": 6419249459.472424}, "BNB": {"tvl": 5639475170.390748}}