{"BTC": {"tvl": 2932841434.6222305}, "ETH": {"tvl": 57050845696.404976}, "SOL": {"tvl": 6900950107.834254}, "BNB": {"tvl": 5761435646.181526}}