{"BTC": {"tvl": 6780914982.2147255}, "ETH": {"tvl": 72893997401.94183}, "SOL": {"tvl": 9045330692.057585}, "BNB": {"tvl": 7143452705.780041}}