{"BTC": {"tvl": 8245026723.096879}, "ETH": {"tvl": 87261176335.65256}, "SOL": {"tvl": 11322920979.899351}, "BNB": {"tvl": 8763928232.853218}}