{"BTC": {"tvl": 4177291878.581669}, "ETH": {"tvl": 40768711168.10366}, "SOL": {"tvl": 4848429132.176096}, "BNB": {"tvl": 4908455183.234904}}