{"BTC": {"tvl": 4103854755.048553}, "ETH": {"tvl": 37424636656.52805}, "SOL": {"tvl": 4847909809.727508}, "BNB": {"tvl": 5181266254.972107}}