{"BTC": {"tvl": 6972607754.378817}, "ETH": {"tvl": 71681196989.68614}, "SOL": {"tvl": 8846581418.449131}, "BNB": {"tvl": 6890993534.097416}}