{"BTC": {"tvl": 4408211064.170524}, "ETH": {"tvl": 59146981115.04637}, "SOL": {"tvl": 6401916247.133835}, "BNB": {"tvl": 5610642597.10829}}