{"BTC": {"tvl": 4832244040.480087}, "ETH": {"tvl": 54080548249.44201}, "SOL": {"tvl": 5710620206.939434}, "BNB": {"tvl": 5358786597.292804}}