{"BTC": {"tvl": 6613567157.485895}, "ETH": {"tvl": 69054104442.02252}, "SOL": {"tvl": 8976330996.470234}, "BNB": {"tvl": 7123829309.92517}}