{"BTC": {"tvl": 8619311762.395912}, "ETH": {"tvl": 90735081759.92303}, "SOL": {"tvl": 11797955312.094566}, "BNB": {"tvl": 7982479346.151745}}