{"BTC": {"tvl": 6812443138.050415}, "ETH": {"tvl": 69514812551.3142}, "SOL": {"tvl": 8218699139.855125}, "BNB": {"tvl": 6755169121.843868}}