{"BTC": {"tvl": 7369545088.990561}, "ETH": {"tvl": 86992748498.42189}, "SOL": {"tvl": 10316767411.826096}, "BNB": {"tvl": 7280858199.742623}}