{"BTC": {"tvl": 4178910925.112369}, "ETH": {"tvl": 40720761454.36883}, "SOL": {"tvl": 4813137458.461567}, "BNB": {"tvl": 4918761133.013079}}