{"BTC": {"tvl": 7856643233.061379}, "ETH": {"tvl": 90434687880.1628}, "SOL": {"tvl": 11453568359.483017}, "BNB": {"tvl": 7415473174.152658}}