{"BTC": {"tvl": 3564990557.5135756}, "ETH": {"tvl": 40517228621.38779}, "SOL": {"tvl": 4932556058.219436}, "BNB": {"tvl": 4961807945.604468}}