{"BTC": {"tvl": 6805682504.860135}, "ETH": {"tvl": 70617810540.35938}, "SOL": {"tvl": 8955395064.118643}, "BNB": {"tvl": 6873178725.038714}}