{"BTC": {"tvl": 8374468804.6319895}, "ETH": {"tvl": 89979811679.62035}, "SOL": {"tvl": 11939089949.800526}, "BNB": {"tvl": 7878696118.866267}}