{"BTC": {"tvl": 5068623052.344544}, "ETH": {"tvl": 43161962894.96901}, "SOL": {"tvl": 5905515501.361947}, "BNB": {"tvl": 5468891344.887964}}