{"BTC": {"tvl": 4564033500.846566}, "ETH": {"tvl": 53006847129.08575}, "SOL": {"tvl": 5513863553.369059}, "BNB": {"tvl": 5385011304.811411}}