{"BTC": {"tvl": 6371657893.770486}, "ETH": {"tvl": 67318454435.7276}, "SOL": {"tvl": 8959511705.964031}, "BNB": {"tvl": 6838154435.685519}}