{"BTC": {"tvl": 6919782566.042861}, "ETH": {"tvl": 70378609858.9763}, "SOL": {"tvl": 9287209330.33577}, "BNB": {"tvl": 6689529079.811473}}