{"BTC": {"tvl": 3429660570.995436}, "ETH": {"tvl": 39093943896.98169}, "SOL": {"tvl": 4938875988.828848}, "BNB": {"tvl": 4853989531.1814575}}