{"BTC": {"tvl": 3939264093.7824435}, "ETH": {"tvl": 37222783645.54297}, "SOL": {"tvl": 4814336004.889214}, "BNB": {"tvl": 4971346156.116942}}