{"BTC": {"tvl": 4651391797.934451}, "ETH": {"tvl": 52467510526.119225}, "SOL": {"tvl": 5482808915.803159}, "BNB": {"tvl": 5343346046.108724}}