{"BTC": {"tvl": 6550457598.104758}, "ETH": {"tvl": 69289263853.01505}, "SOL": {"tvl": 9151784765.256876}, "BNB": {"tvl": 7068758289.691208}}