{"BTC": {"tvl": 4353218466.362293}, "ETH": {"tvl": 41770005841.25868}, "SOL": {"tvl": 4946376667.618676}, "BNB": {"tvl": 4939973735.022274}}