{"BTC": {"tvl": 7466753364.812038}, "ETH": {"tvl": 73937000127.66353}, "SOL": {"tvl": 9947565390.517302}, "BNB": {"tvl": 7725917808.134429}}