{"BTC": {"tvl": 4408565805.019923}, "ETH": {"tvl": 53541206026.90856}, "SOL": {"tvl": 6564171980.669725}, "BNB": {"tvl": 5555388367.119478}}