{"BTC": {"tvl": 3609188841.015699}, "ETH": {"tvl": 56021858273.506836}, "SOL": {"tvl": 6743889433.449229}, "BNB": {"tvl": 5436575717.499787}}