{"BTC": {"tvl": 5330912966.604801}, "ETH": {"tvl": 45583686411.828415}, "SOL": {"tvl": 5724927657.796502}, "BNB": {"tvl": 5565251142.23246}}