{"BTC": {"tvl": 8069560315.99524}, "ETH": {"tvl": 83982851531.0746}, "SOL": {"tvl": 11002317857.067719}, "BNB": {"tvl": 8976494986.319454}}