{"BTC": {"tvl": 5024022346.177698}, "ETH": {"tvl": 54644475092.3657}, "SOL": {"tvl": 6557872421.434605}, "BNB": {"tvl": 5747431600.045812}}