{"BTC": {"tvl": 7576398240.024889}, "ETH": {"tvl": 75861792845.0527}, "SOL": {"tvl": 10097514625.99267}, "BNB": {"tvl": 7747531870.533992}}