{"BTC": {"tvl": 5331516517.771967}, "ETH": {"tvl": 45614015132.90518}, "SOL": {"tvl": 5894450832.709732}, "BNB": {"tvl": 5643364677.839039}}