{"BTC": {"tvl": 5069115665.955603}, "ETH": {"tvl": 43392317868.80676}, "SOL": {"tvl": 5920353989.345166}, "BNB": {"tvl": 5460979512.7552805}}