{"BTC": {"tvl": 3436324203.5858636}, "ETH": {"tvl": 39131957342.32954}, "SOL": {"tvl": 4923936498.466812}, "BNB": {"tvl": 4859096117.139451}}