{"BTC": {"tvl": 2819000294.6719913}, "ETH": {"tvl": 54272354717.49316}, "SOL": {"tvl": 6647524211.183399}, "BNB": {"tvl": 5386132759.655531}}