{"BTC": {"tvl": 6877362764.213462}, "ETH": {"tvl": 69793931141.44835}, "SOL": {"tvl": 8536910366.922394}, "BNB": {"tvl": 6525577359.9138155}}