{"BTC": {"tvl": 4369973769.628451}, "ETH": {"tvl": 39234939395.50546}, "SOL": {"tvl": 4932954767.660591}, "BNB": {"tvl": 5381236601.3188715}}