{"BTC": {"tvl": 5077409972.707807}, "ETH": {"tvl": 43373212515.57147}, "SOL": {"tvl": 5914637258.754092}, "BNB": {"tvl": 5461762884.370975}}