{"BTC": {"tvl": 8922247035.665627}, "ETH": {"tvl": 94977743105.64467}, "SOL": {"tvl": 12489478544.363722}, "BNB": {"tvl": 9208578359.355255}}