{"BTC": {"tvl": 6419489060.786577}, "ETH": {"tvl": 67486150782.943985}, "SOL": {"tvl": 9019731683.365707}, "BNB": {"tvl": 6874901376.803526}}