{"BTC": {"tvl": 4531806769.773022}, "ETH": {"tvl": 52823633043.81886}, "SOL": {"tvl": 5491435621.835451}, "BNB": {"tvl": 5361098577.132604}}