{"BTC": {"tvl": 8112459303.469272}, "ETH": {"tvl": 85848450416.00433}, "SOL": {"tvl": 11285320944.896757}, "BNB": {"tvl": 8382593707.65831}}