{"BTC": {"tvl": 6659087359.225923}, "ETH": {"tvl": 68407638645.84701}, "SOL": {"tvl": 8630118845.836397}, "BNB": {"tvl": 6596951735.990739}}