{"BTC": {"tvl": 5134823119.953369}, "ETH": {"tvl": 55169278668.46703}, "SOL": {"tvl": 6505225558.794511}, "BNB": {"tvl": 5459242027.874992}}