{"BTC": {"tvl": 4831748126.6813345}, "ETH": {"tvl": 42249569051.14749}, "SOL": {"tvl": 5393244828.927743}, "BNB": {"tvl": 5797912414.982384}}