{"BTC": {"tvl": 5119270418.956299}, "ETH": {"tvl": 43158828287.822205}, "SOL": {"tvl": 5940863698.556171}, "BNB": {"tvl": 5497337097.954276}}