{"BTC": {"tvl": 7496856391.874217}, "ETH": {"tvl": 73759298197.51381}, "SOL": {"tvl": 9962044556.725657}, "BNB": {"tvl": 7546619067.429504}}