{"BTC": {"tvl": 4329032888.937931}, "ETH": {"tvl": 41877699867.854294}, "SOL": {"tvl": 4943910595.649975}, "BNB": {"tvl": 4919338831.240592}}