{"BTC": {"tvl": 7972560039.417496}, "ETH": {"tvl": 90549803040.79874}, "SOL": {"tvl": 11461362235.614239}, "BNB": {"tvl": 7370528359.225335}}