{"BTC": {"tvl": 8575559555.246818}, "ETH": {"tvl": 95797886013.62419}, "SOL": {"tvl": 13044325837.757648}, "BNB": {"tvl": 7693356307.004256}}