{"BTC": {"tvl": 4602266662.875561}, "ETH": {"tvl": 41720233036.94024}, "SOL": {"tvl": 5263046675.798418}, "BNB": {"tvl": 5613899290.31167}}