{"BTC": {"tvl": 4828573930.454656}, "ETH": {"tvl": 54422235381.58742}, "SOL": {"tvl": 5736230100.571103}, "BNB": {"tvl": 5397819424.882723}}