{"BTC": {"tvl": 5045465087.228818}, "ETH": {"tvl": 42708120496.67884}, "SOL": {"tvl": 5411098863.355333}, "BNB": {"tvl": 5590442824.60663}}