{"BTC": {"tvl": 5164395947.659278}, "ETH": {"tvl": 56280366610.24392}, "SOL": {"tvl": 5906563600.243531}, "BNB": {"tvl": 5594402571.382221}}