{"BTC": {"tvl": 7474705975.460924}, "ETH": {"tvl": 75368221183.38405}, "SOL": {"tvl": 9193709611.32953}, "BNB": {"tvl": 7133107829.348475}}