{"BTC": {"tvl": 6793205950.430121}, "ETH": {"tvl": 68280786032.23629}, "SOL": {"tvl": 8334243944.858899}, "BNB": {"tvl": 6353563666.089923}}