{"BTC": {"tvl": 2837499727.8494315}, "ETH": {"tvl": 54718488899.72738}, "SOL": {"tvl": 6648476778.738251}, "BNB": {"tvl": 5403761908.34879}}