{"BTC": {"tvl": 4332794394.166469}, "ETH": {"tvl": 39857480641.52971}, "SOL": {"tvl": 4919186762.920463}, "BNB": {"tvl": 5293873562.525084}}