{"BTC": {"tvl": 6953049338.311502}, "ETH": {"tvl": 71405815112.65483}, "SOL": {"tvl": 8707574997.806812}, "BNB": {"tvl": 6802064892.6102915}}