{"BTC": {"tvl": 5199125887.917961}, "ETH": {"tvl": 44336710305.94069}, "SOL": {"tvl": 5912085049.936067}, "BNB": {"tvl": 5585865741.6224375}}