{"BTC": {"tvl": 5144700961.8443365}, "ETH": {"tvl": 54943230952.583145}, "SOL": {"tvl": 6633975146.557994}, "BNB": {"tvl": 5821798607.688404}}