{"BTC": {"tvl": 4388476522.240263}, "ETH": {"tvl": 39634098001.78678}, "SOL": {"tvl": 5016762591.077751}, "BNB": {"tvl": 5375883346.941175}}