{"BTC": {"tvl": 6438937599.7359}, "ETH": {"tvl": 66092645675.318924}, "SOL": {"tvl": 8839293198.757483}, "BNB": {"tvl": 6826681087.515615}}