{"BTC": {"tvl": 2952698201.2367706}, "ETH": {"tvl": 56695676755.56204}, "SOL": {"tvl": 6946552152.202103}, "BNB": {"tvl": 5806465449.288291}}