{"BTC": {"tvl": 5089589318.608071}, "ETH": {"tvl": 55115193303.79992}, "SOL": {"tvl": 6418624638.625631}, "BNB": {"tvl": 5661307625.682995}}