{"BTC": {"tvl": 6839834753.338897}, "ETH": {"tvl": 68925256941.12852}, "SOL": {"tvl": 8462562927.275969}, "BNB": {"tvl": 6509489957.593957}}