{"BTC": {"tvl": 6782624164.524501}, "ETH": {"tvl": 68450391248.24124}, "SOL": {"tvl": 8275923524.32142}, "BNB": {"tvl": 6589831649.2893095}}