{"BTC": {"tvl": 8537446523.877253}, "ETH": {"tvl": 94641076078.82889}, "SOL": {"tvl": 13053284464.926138}, "BNB": {"tvl": 7578606659.33878}}