{"BTC": {"tvl": 6304516751.445555}, "ETH": {"tvl": 66116510242.70675}, "SOL": {"tvl": 8578209980.365716}, "BNB": {"tvl": 6673841214.773565}}