{"BTC": {"tvl": 6698281633.256251}, "ETH": {"tvl": 68442524764.501305}, "SOL": {"tvl": 8261958012.01456}, "BNB": {"tvl": 6513513929.7327585}}