{"BTC": {"tvl": 5316410537.149857}, "ETH": {"tvl": 55756071223.89668}, "SOL": {"tvl": 6509882232.667904}, "BNB": {"tvl": 5565385118.813648}}