{"BTC": {"tvl": 8130871789.441123}, "ETH": {"tvl": 85950156674.37828}, "SOL": {"tvl": 11321407092.769068}, "BNB": {"tvl": 8648590801.732697}}