{"BTC": {"tvl": 5045734603.586006}, "ETH": {"tvl": 44587957264.137985}, "SOL": {"tvl": 5375963254.12213}, "BNB": {"tvl": 5433861042.124345}}