{"BTC": {"tvl": 6588468311.244105}, "ETH": {"tvl": 70965993773.74075}, "SOL": {"tvl": 8806382375.898003}, "BNB": {"tvl": 6983959148.861828}}