{"BTC": {"tvl": 7768118671.6385355}, "ETH": {"tvl": 89758637087.95633}, "SOL": {"tvl": 11369300912.501215}, "BNB": {"tvl": 7368281760.03467}}