{"BTC": {"tvl": 2965195155.0212574}, "ETH": {"tvl": 56789418879.384766}, "SOL": {"tvl": 6957021098.176008}, "BNB": {"tvl": 5811853931.122542}}