{"BTC": {"tvl": 7644252126.367303}, "ETH": {"tvl": 75906831771.89978}, "SOL": {"tvl": 10158134315.46402}, "BNB": {"tvl": 7492167126.0340185}}