{"BTC": {"tvl": 4195617474.993312}, "ETH": {"tvl": 41206664485.99605}, "SOL": {"tvl": 4804675302.729639}, "BNB": {"tvl": 4802059705.356148}}