{"BTC": {"tvl": 8080287891.8979645}, "ETH": {"tvl": 85383970167.08362}, "SOL": {"tvl": 11499769145.427656}, "BNB": {"tvl": 8386134980.120545}}