{"BTC": {"tvl": 5167401809.76677}, "ETH": {"tvl": 55545909278.73626}, "SOL": {"tvl": 6466840991.9829855}, "BNB": {"tvl": 5458698383.501944}}