{"BTC": {"tvl": 5177793623.995771}, "ETH": {"tvl": 55668438501.135086}, "SOL": {"tvl": 6467082519.342844}, "BNB": {"tvl": 5474468559.420444}}