{"BTC": {"tvl": 6523489457.095427}, "ETH": {"tvl": 70143463950.02298}, "SOL": {"tvl": 8736405255.486923}, "BNB": {"tvl": 6769326421.246665}}