{"BTC": {"tvl": 4562031458.546974}, "ETH": {"tvl": 55206592926.53499}, "SOL": {"tvl": 6697393813.017759}, "BNB": {"tvl": 5653812679.252132}}