{"BTC": {"tvl": 5130058004.319746}, "ETH": {"tvl": 54341953546.01389}, "SOL": {"tvl": 6591540866.21211}, "BNB": {"tvl": 5722618214.656595}}