{"BTC": {"tvl": 4536998132.606714}, "ETH": {"tvl": 53833901008.442085}, "SOL": {"tvl": 6681378181.515526}, "BNB": {"tvl": 5519522269.345507}}