{"BTC": {"tvl": 6847914007.758118}, "ETH": {"tvl": 69543187961.37854}, "SOL": {"tvl": 8505972622.115556}, "BNB": {"tvl": 6491833685.338431}}