{"BTC": {"tvl": 5780475192.2011795}, "ETH": {"tvl": 59193850701.04646}, "SOL": {"tvl": 7909769730.953218}, "BNB": {"tvl": 6100709794.003325}}