{"BTC": {"tvl": 6624835119.65199}, "ETH": {"tvl": 69156025806.11882}, "SOL": {"tvl": 8207122257.566829}, "BNB": {"tvl": 6756906765.113122}}