{"BTC": {"tvl": 2938721555.0193725}, "ETH": {"tvl": 57031245512.758934}, "SOL": {"tvl": 6904129787.315184}, "BNB": {"tvl": 5742946765.48003}}