{"BTC": {"tvl": 5191857070.191505}, "ETH": {"tvl": 45327530062.87285}, "SOL": {"tvl": 5521625939.123499}, "BNB": {"tvl": 5526996658.985247}}