{"BTC": {"tvl": 7879005871.163104}, "ETH": {"tvl": 90026538872.42693}, "SOL": {"tvl": 11404027910.508833}, "BNB": {"tvl": 7353460011.089067}}