{"BTC": {"tvl": 5105201183.062876}, "ETH": {"tvl": 54665936257.005104}, "SOL": {"tvl": 6586638199.678084}, "BNB": {"tvl": 5775932151.181648}}