{"BTC": {"tvl": 8130006632.237634}, "ETH": {"tvl": 95336462717.00339}, "SOL": {"tvl": 11411998062.331285}, "BNB": {"tvl": 7753863915.404947}}