{"BTC": {"tvl": 6604540400.782181}, "ETH": {"tvl": 70767438554.60939}, "SOL": {"tvl": 8308964398.014327}, "BNB": {"tvl": 6840480234.987445}}