{"BTC": {"tvl": 8123133323.001375}, "ETH": {"tvl": 84742063008.86082}, "SOL": {"tvl": 11374191086.247059}, "BNB": {"tvl": 8630711084.219349}}