{"BTC": {"tvl": 4117070502.57717}, "ETH": {"tvl": 39828567781.70276}, "SOL": {"tvl": 5080158294.324795}, "BNB": {"tvl": 4953251096.587711}}