{"BTC": {"tvl": 4091911968.1843524}, "ETH": {"tvl": 37005175891.37113}, "SOL": {"tvl": 4570142312.948659}, "BNB": {"tvl": 5175037491.847218}}