{"BTC": {"tvl": 6852780079.172762}, "ETH": {"tvl": 69903855939.5089}, "SOL": {"tvl": 8429354123.643649}, "BNB": {"tvl": 6557761339.009601}}