{"BTC": {"tvl": 6657410797.038937}, "ETH": {"tvl": 71879511037.3627}, "SOL": {"tvl": 8967220646.59762}, "BNB": {"tvl": 6975064852.426758}}