{"BTC": {"tvl": 3658722497.5910583}, "ETH": {"tvl": 40177354538.08958}, "SOL": {"tvl": 5129231545.977405}, "BNB": {"tvl": 5008365573.886743}}