{"BTC": {"tvl": 6596371610.066433}, "ETH": {"tvl": 68214717453.07843}, "SOL": {"tvl": 9025062525.43139}, "BNB": {"tvl": 6936365454.219415}}