{"BTC": {"tvl": 5018170551.572732}, "ETH": {"tvl": 54081965863.03965}, "SOL": {"tvl": 6292058247.327202}, "BNB": {"tvl": 5589114387.326216}}