{"BTC": {"tvl": 4898503079.366995}, "ETH": {"tvl": 54235730741.99113}, "SOL": {"tvl": 5728290379.4547}, "BNB": {"tvl": 5406294818.276082}}