{"BTC": {"tvl": 4284122713.0381813}, "ETH": {"tvl": 41376004427.68796}, "SOL": {"tvl": 4900873115.03931}, "BNB": {"tvl": 4784709085.936013}}