{"BTC": {"tvl": 8870683465.703308}, "ETH": {"tvl": 95906799492.96278}, "SOL": {"tvl": 12808542008.81639}, "BNB": {"tvl": 7941368328.489049}}