{"BTC": {"tvl": 5198082295.312129}, "ETH": {"tvl": 57032259017.56455}, "SOL": {"tvl": 6028056392.090773}, "BNB": {"tvl": 5696837606.437118}}