{"BTC": {"tvl": 4315493511.265913}, "ETH": {"tvl": 41881917401.907265}, "SOL": {"tvl": 4989726478.4594555}, "BNB": {"tvl": 4931449760.781349}}