{"BTC": {"tvl": 5107524031.749392}, "ETH": {"tvl": 54824624849.46046}, "SOL": {"tvl": 6550549000.982252}, "BNB": {"tvl": 5698602352.069354}}