{"BTC": {"tvl": 7207693012.496742}, "ETH": {"tvl": 75289771724.9891}, "SOL": {"tvl": 9073939975.400858}, "BNB": {"tvl": 6915676847.568617}}