{"BTC": {"tvl": 5263327918.419878}, "ETH": {"tvl": 45707644536.05277}, "SOL": {"tvl": 5504319436.443593}, "BNB": {"tvl": 5503436652.239948}}