{"BTC": {"tvl": 5400406627.043159}, "ETH": {"tvl": 45845308513.2163}, "SOL": {"tvl": 5584668038.048331}, "BNB": {"tvl": 5566031490.503577}}