{"BTC": {"tvl": 5440196097.00667}, "ETH": {"tvl": 57741046714.41641}, "SOL": {"tvl": 7038511658.111196}, "BNB": {"tvl": 5820489972.803322}}