{"BTC": {"tvl": 3899468978.1690655}, "ETH": {"tvl": 37334663641.02136}, "SOL": {"tvl": 4794179804.690295}, "BNB": {"tvl": 4844787582.007698}}