{"BTC": {"tvl": 4377693168.859328}, "ETH": {"tvl": 41967002776.54801}, "SOL": {"tvl": 4973184604.725238}, "BNB": {"tvl": 4944805067.149814}}