{"BTC": {"tvl": 5268665800.267794}, "ETH": {"tvl": 45163849081.772385}, "SOL": {"tvl": 6067594436.834653}, "BNB": {"tvl": 5694058559.951041}}