{"BTC": {"tvl": 7518352347.751104}, "ETH": {"tvl": 77059132671.84428}, "SOL": {"tvl": 9938325879.617857}, "BNB": {"tvl": 7490292163.717199}}