{"BTC": {"tvl": 2841247709.714217}, "ETH": {"tvl": 54975704407.340805}, "SOL": {"tvl": 6800129382.010885}, "BNB": {"tvl": 5870506725.559896}}