{"BTC": {"tvl": 4638734372.727081}, "ETH": {"tvl": 54658144438.617645}, "SOL": {"tvl": 6345818622.155901}, "BNB": {"tvl": 5404328418.06534}}