{"BTC": {"tvl": 6870045664.882213}, "ETH": {"tvl": 69612937024.45302}, "SOL": {"tvl": 8740909935.93375}, "BNB": {"tvl": 6795700366.547127}}