{"BTC": {"tvl": 5280958824.861543}, "ETH": {"tvl": 56942737692.50152}, "SOL": {"tvl": 6472292157.723808}, "BNB": {"tvl": 5516803992.311349}}