{"BTC": {"tvl": 2925302774.26632}, "ETH": {"tvl": 57017598113.163246}, "SOL": {"tvl": 6889693232.010345}, "BNB": {"tvl": 5753328013.30625}}