{"BTC": {"tvl": 6741230347.372199}, "ETH": {"tvl": 68652952789.25778}, "SOL": {"tvl": 8037453663.915175}, "BNB": {"tvl": 6704220265.109221}}