{"BTC": {"tvl": 7921201920.316903}, "ETH": {"tvl": 88674074139.63837}, "SOL": {"tvl": 10551678326.153336}, "BNB": {"tvl": 7510734088.533227}}