{"BTC": {"tvl": 4204778321.505458}, "ETH": {"tvl": 51627208520.53872}, "SOL": {"tvl": 6246376959.184719}, "BNB": {"tvl": 5459780383.392541}}