{"BTC": {"tvl": 4904935746.9847555}, "ETH": {"tvl": 53931060309.983665}, "SOL": {"tvl": 5730525330.230136}, "BNB": {"tvl": 5390472318.513026}}