{"BTC": {"tvl": 6840745061.453432}, "ETH": {"tvl": 69065046825.36832}, "SOL": {"tvl": 8521273071.174261}, "BNB": {"tvl": 6499441967.060647}}