{"BTC": {"tvl": 8074215041.012827}, "ETH": {"tvl": 85061899407.70454}, "SOL": {"tvl": 11155517911.250057}, "BNB": {"tvl": 8338380372.566837}}