{"BTC": {"tvl": 7153352941.827761}, "ETH": {"tvl": 74837732504.24265}, "SOL": {"tvl": 8987013928.871693}, "BNB": {"tvl": 6937387457.457638}}