{"BTC": {"tvl": 5190969127.776192}, "ETH": {"tvl": 55157491674.7235}, "SOL": {"tvl": 6695600983.878411}, "BNB": {"tvl": 5817271130.991484}}