{"BTC": {"tvl": 4727826046.131325}, "ETH": {"tvl": 53199632264.49462}, "SOL": {"tvl": 5551247967.072702}, "BNB": {"tvl": 5396569003.218505}}