{"BTC": {"tvl": 4336465974.987255}, "ETH": {"tvl": 38994818925.83025}, "SOL": {"tvl": 4911620687.343755}, "BNB": {"tvl": 5316331703.122948}}