{"BTC": {"tvl": 3925327689.464123}, "ETH": {"tvl": 37388867868.56264}, "SOL": {"tvl": 4905041412.657035}, "BNB": {"tvl": 4833972416.289869}}