{"BTC": {"tvl": 8221160964.626575}, "ETH": {"tvl": 86942983408.46404}, "SOL": {"tvl": 11423953533.52911}, "BNB": {"tvl": 8388788503.949631}}