{"BTC": {"tvl": 3929825518.7909822}, "ETH": {"tvl": 36812267260.63124}, "SOL": {"tvl": 4612878744.620717}, "BNB": {"tvl": 4938153108.427847}}