{"BTC": {"tvl": 6902235724.511622}, "ETH": {"tvl": 70774496923.85797}, "SOL": {"tvl": 9314925042.441216}, "BNB": {"tvl": 6696779208.439505}}