{"BTC": {"tvl": 4829149857.133736}, "ETH": {"tvl": 42200283991.11269}, "SOL": {"tvl": 5390818593.808313}, "BNB": {"tvl": 5654759447.64222}}