{"BTC": {"tvl": 4529929340.739521}, "ETH": {"tvl": 54351812966.38974}, "SOL": {"tvl": 6613571008.935658}, "BNB": {"tvl": 5381944648.2319975}}