{"BTC": {"tvl": 5068548816.416601}, "ETH": {"tvl": 55064192887.702805}, "SOL": {"tvl": 6360852064.587107}, "BNB": {"tvl": 5463861673.598205}}