{"BTC": {"tvl": 6680951516.722047}, "ETH": {"tvl": 69504206997.47652}, "SOL": {"tvl": 8245778273.767951}, "BNB": {"tvl": 6773118647.408711}}