{"BTC": {"tvl": 5680326927.039754}, "ETH": {"tvl": 58600839533.26721}, "SOL": {"tvl": 7777219809.786616}, "BNB": {"tvl": 6013029076.218423}}