{"BTC": {"tvl": 8187644890.614008}, "ETH": {"tvl": 87125947913.38922}, "SOL": {"tvl": 11697639375.281317}, "BNB": {"tvl": 8673918584.361288}}