{"BTC": {"tvl": 8054321025.510526}, "ETH": {"tvl": 95927886932.58778}, "SOL": {"tvl": 11318286955.593935}, "BNB": {"tvl": 7598090745.96893}}