{"BTC": {"tvl": 7633921815.490814}, "ETH": {"tvl": 91753019583.27979}, "SOL": {"tvl": 10674608294.185635}, "BNB": {"tvl": 7205485105.610173}}