{"BTC": {"tvl": 5232877081.467599}, "ETH": {"tvl": 44906493999.16284}, "SOL": {"tvl": 6060924546.973807}, "BNB": {"tvl": 5656321518.204834}}