{"BTC": {"tvl": 5098581302.948196}, "ETH": {"tvl": 43287605575.0117}, "SOL": {"tvl": 5457402291.108733}, "BNB": {"tvl": 5618827395.6966715}}