{"BTC": {"tvl": 4509428733.227907}, "ETH": {"tvl": 53241973935.295906}, "SOL": {"tvl": 5393143921.950332}, "BNB": {"tvl": 5245787537.426654}}