{"BTC": {"tvl": 6805472883.198916}, "ETH": {"tvl": 69119031956.2669}, "SOL": {"tvl": 8767578863.666061}, "BNB": {"tvl": 6680154790.121031}}