{"BTC": {"tvl": 7673613410.113636}, "ETH": {"tvl": 93960653710.89389}, "SOL": {"tvl": 10875050120.837831}, "BNB": {"tvl": 7292189848.946261}}