{"BTC": {"tvl": 5132510597.477711}, "ETH": {"tvl": 54388982023.487236}, "SOL": {"tvl": 6602287453.777613}, "BNB": {"tvl": 5703688191.839848}}