{"BTC": {"tvl": 4061808052.8962836}, "ETH": {"tvl": 36913673423.94647}, "SOL": {"tvl": 4797762671.090889}, "BNB": {"tvl": 5164669267.103003}}