{"BTC": {"tvl": 7625313359.812126}, "ETH": {"tvl": 91602750544.14455}, "SOL": {"tvl": 10578232739.156029}, "BNB": {"tvl": 7144149850.365488}}