{"BTC": {"tvl": 6558463509.403626}, "ETH": {"tvl": 71359685411.2771}, "SOL": {"tvl": 8804504516.535122}, "BNB": {"tvl": 7046819704.626463}}