{"BTC": {"tvl": 8823558351.573942}, "ETH": {"tvl": 94789093288.70943}, "SOL": {"tvl": 12674794844.974535}, "BNB": {"tvl": 7919047703.801945}}