{"BTC": {"tvl": 3464036939.7160993}, "ETH": {"tvl": 39321700122.01022}, "SOL": {"tvl": 4947395986.573507}, "BNB": {"tvl": 4880301985.361691}}