{"BTC": {"tvl": 9012845172.672697}, "ETH": {"tvl": 95027679576.84613}, "SOL": {"tvl": 12785961851.796251}, "BNB": {"tvl": 9267723818.011599}}