{"BTC": {"tvl": 5215647078.020841}, "ETH": {"tvl": 45731790965.053406}, "SOL": {"tvl": 5434825287.394175}, "BNB": {"tvl": 5460846818.922189}}