{"BTC": {"tvl": 7366379848.296327}, "ETH": {"tvl": 74560641574.96437}, "SOL": {"tvl": 9116160480.62743}, "BNB": {"tvl": 7073167010.630923}}