{"BTC": {"tvl": 5143829590.459705}, "ETH": {"tvl": 55328663937.65717}, "SOL": {"tvl": 6397898150.939951}, "BNB": {"tvl": 5441866056.567075}}