{"BTC": {"tvl": 7358973667.636999}, "ETH": {"tvl": 88881817317.96288}, "SOL": {"tvl": 10650609343.69498}, "BNB": {"tvl": 7543330396.228061}}