{"BTC": {"tvl": 6773455036.436701}, "ETH": {"tvl": 69146304529.92581}, "SOL": {"tvl": 8105470093.385206}, "BNB": {"tvl": 6706483149.494139}}