{"BTC": {"tvl": 9084226178.1029}, "ETH": {"tvl": 95055376897.59933}, "SOL": {"tvl": 12778113056.106627}, "BNB": {"tvl": 8680277134.687532}}