{"BTC": {"tvl": 4552580119.375609}, "ETH": {"tvl": 54558423466.581604}, "SOL": {"tvl": 6606757362.812392}, "BNB": {"tvl": 5396576239.562978}}