{"BTC": {"tvl": 6773914519.363644}, "ETH": {"tvl": 67555052770.84104}, "SOL": {"tvl": 8130771209.428061}, "BNB": {"tvl": 6602260023.2939005}}