{"BTC": {"tvl": 4121138304.0330353}, "ETH": {"tvl": 38169235979.341156}, "SOL": {"tvl": 4768794023.182885}, "BNB": {"tvl": 5063382594.120446}}