{"BTC": {"tvl": 6932938792.9129715}, "ETH": {"tvl": 69773384773.28798}, "SOL": {"tvl": 8756863323.258694}, "BNB": {"tvl": 6807328296.670176}}