{"BTC": {"tvl": 7071074432.519975}, "ETH": {"tvl": 73139176547.3963}, "SOL": {"tvl": 9492257614.412683}, "BNB": {"tvl": 7313115355.153182}}