{"BTC": {"tvl": 6171951146.25217}, "ETH": {"tvl": 64348052427.10206}, "SOL": {"tvl": 8717853233.515219}, "BNB": {"tvl": 6609747963.7695}}