{"BTC": {"tvl": 6686321997.473306}, "ETH": {"tvl": 72277820542.98335}, "SOL": {"tvl": 9002652816.91405}, "BNB": {"tvl": 6898794153.864482}}