{"BTC": {"tvl": 5150027830.679777}, "ETH": {"tvl": 55829582805.674446}, "SOL": {"tvl": 6485529194.936962}, "BNB": {"tvl": 5500000711.163266}}