{"BTC": {"tvl": 4834666629.742459}, "ETH": {"tvl": 54017722776.09341}, "SOL": {"tvl": 5705547696.41057}, "BNB": {"tvl": 5376980811.718088}}