{"BTC": {"tvl": 7863656681.365478}, "ETH": {"tvl": 90419789642.85023}, "SOL": {"tvl": 11399948634.136328}, "BNB": {"tvl": 7419702769.260404}}