{"BTC": {"tvl": 4231097934.9388986}, "ETH": {"tvl": 41050017286.08932}, "SOL": {"tvl": 4853431768.632197}, "BNB": {"tvl": 4930090282.488959}}