{"BTC": {"tvl": 2948137888.5464363}, "ETH": {"tvl": 57133626357.51306}, "SOL": {"tvl": 6954745027.512918}, "BNB": {"tvl": 5758896720.32185}}