{"BTC": {"tvl": 6141340087.240128}, "ETH": {"tvl": 64939225074.21255}, "SOL": {"tvl": 9133691749.153654}, "BNB": {"tvl": 6499566136.167895}}