{"BTC": {"tvl": 6552378342.837833}, "ETH": {"tvl": 70437357702.57039}, "SOL": {"tvl": 8808481105.77434}, "BNB": {"tvl": 6992781143.323146}}