{"BTC": {"tvl": 3942307288.4737854}, "ETH": {"tvl": 36991097306.403305}, "SOL": {"tvl": 4760488050.873577}, "BNB": {"tvl": 4981302197.496948}}