{"BTC": {"tvl": 5061596643.019513}, "ETH": {"tvl": 55014720183.54275}, "SOL": {"tvl": 6569694186.150481}, "BNB": {"tvl": 5759036815.364102}}