{"BTC": {"tvl": 7901577817.14244}, "ETH": {"tvl": 89262616045.56107}, "SOL": {"tvl": 11476391138.58936}, "BNB": {"tvl": 7398290577.109388}}