{"BTC": {"tvl": 2868647522.5911493}, "ETH": {"tvl": 56135093689.028915}, "SOL": {"tvl": 6761392575.051598}, "BNB": {"tvl": 5680594466.506654}}