{"BTC": {"tvl": 6790937062.462408}, "ETH": {"tvl": 68298008180.30145}, "SOL": {"tvl": 8341629227.388948}, "BNB": {"tvl": 6358697199.626187}}