{"BTC": {"tvl": 6816262310.892614}, "ETH": {"tvl": 68600905954.97865}, "SOL": {"tvl": 8358395259.820164}, "BNB": {"tvl": 6429230868.266281}}