{"BTC": {"tvl": 4630138377.420336}, "ETH": {"tvl": 54197423366.259636}, "SOL": {"tvl": 6327553809.918166}, "BNB": {"tvl": 5403515624.275795}}