{"BTC": {"tvl": 7379282999.627847}, "ETH": {"tvl": 87449917470.577}, "SOL": {"tvl": 10406630450.71512}, "BNB": {"tvl": 7362051444.497425}}