{"BTC": {"tvl": 4563978376.697492}, "ETH": {"tvl": 55312479047.086296}, "SOL": {"tvl": 6689404288.059322}, "BNB": {"tvl": 5643500927.257388}}