{"BTC": {"tvl": 4294394268.022633}, "ETH": {"tvl": 41770559451.45111}, "SOL": {"tvl": 4966722079.525617}, "BNB": {"tvl": 4929130889.719083}}