{"BTC": {"tvl": 5089286134.534459}, "ETH": {"tvl": 43364488952.14089}, "SOL": {"tvl": 5934061679.169169}, "BNB": {"tvl": 5501852948.484813}}