{"BTC": {"tvl": 5184022628.863131}, "ETH": {"tvl": 55333464633.45718}, "SOL": {"tvl": 6660392563.465698}, "BNB": {"tvl": 5835669423.82772}}