{"BTC": {"tvl": 4811809528.125033}, "ETH": {"tvl": 42002203560.01495}, "SOL": {"tvl": 5209714213.309918}, "BNB": {"tvl": 5432888232.134414}}