{"BTC": {"tvl": 5214247600.828672}, "ETH": {"tvl": 45650888188.40137}, "SOL": {"tvl": 5579356194.810765}, "BNB": {"tvl": 5561975234.8326235}}