{"BTC": {"tvl": 7656530799.257134}, "ETH": {"tvl": 75785726323.1041}, "SOL": {"tvl": 10157758234.796028}, "BNB": {"tvl": 7778492170.282626}}