{"BTC": {"tvl": 4556530247.345997}, "ETH": {"tvl": 54933716312.98594}, "SOL": {"tvl": 6628908223.2644825}, "BNB": {"tvl": 5658179849.523925}}