{"BTC": {"tvl": 6807979423.197815}, "ETH": {"tvl": 69303649596.42256}, "SOL": {"tvl": 8174306854.198869}, "BNB": {"tvl": 6735389127.37207}}