{"BTC": {"tvl": 8698431348.854116}, "ETH": {"tvl": 94599709687.00432}, "SOL": {"tvl": 12436746658.690117}, "BNB": {"tvl": 7873097886.050705}}