{"BTC": {"tvl": 8103316181.465055}, "ETH": {"tvl": 84861450417.66476}, "SOL": {"tvl": 11378710847.640415}, "BNB": {"tvl": 8658694887.653639}}