{"BTC": {"tvl": 4936635427.483836}, "ETH": {"tvl": 54668992704.760124}, "SOL": {"tvl": 5784075683.182851}, "BNB": {"tvl": 5410152521.295361}}