{"BTC": {"tvl": 2859096298.253127}, "ETH": {"tvl": 55002886409.30203}, "SOL": {"tvl": 6746709498.801938}, "BNB": {"tvl": 5431798407.555841}}