{"BTC": {"tvl": 7739178200.893261}, "ETH": {"tvl": 77463853078.03265}, "SOL": {"tvl": 10195770989.611683}, "BNB": {"tvl": 7577510194.718609}}