{"BTC": {"tvl": 4296165772.174427}, "ETH": {"tvl": 38666294408.07811}, "SOL": {"tvl": 4995918958.544897}, "BNB": {"tvl": 5270312228.824693}}