{"BTC": {"tvl": 8605074129.635387}, "ETH": {"tvl": 96301774245.83392}, "SOL": {"tvl": 13160472420.143082}, "BNB": {"tvl": 7712351456.293692}}