{"BTC": {"tvl": 3557604553.415433}, "ETH": {"tvl": 40458166719.464645}, "SOL": {"tvl": 4930689385.578103}, "BNB": {"tvl": 4951139650.660837}}