{"BTC": {"tvl": 5068792873.258962}, "ETH": {"tvl": 43061064021.66504}, "SOL": {"tvl": 5502273486.203175}, "BNB": {"tvl": 5602223366.796737}}