{"BTC": {"tvl": 4382516082.251033}, "ETH": {"tvl": 54978736071.62426}, "SOL": {"tvl": 6544232273.18209}, "BNB": {"tvl": 5809627719.98398}}