{"BTC": {"tvl": 8459331591.567269}, "ETH": {"tvl": 88439199534.97142}, "SOL": {"tvl": 11370240451.245926}, "BNB": {"tvl": 7908888400.795529}}