{"BTC": {"tvl": 3961851857.8812504}, "ETH": {"tvl": 37512452521.99981}, "SOL": {"tvl": 4929055264.304585}, "BNB": {"tvl": 4845705438.544362}}