{"BTC": {"tvl": 4535991627.693013}, "ETH": {"tvl": 56044547364.53413}, "SOL": {"tvl": 6714024204.79071}, "BNB": {"tvl": 5924267495.993905}}