{"BTC": {"tvl": 6668052235.033999}, "ETH": {"tvl": 68589900499.830864}, "SOL": {"tvl": 9054736952.280949}, "BNB": {"tvl": 6976992330.161407}}