{"BTC": {"tvl": 7215027379.224797}, "ETH": {"tvl": 73505696195.98972}, "SOL": {"tvl": 8776643535.83909}, "BNB": {"tvl": 6862618465.030974}}