{"BTC": {"tvl": 5207228899.1451435}, "ETH": {"tvl": 45606255247.87339}, "SOL": {"tvl": 5537664137.68475}, "BNB": {"tvl": 5567018371.951177}}