{"BTC": {"tvl": 5090464581.609826}, "ETH": {"tvl": 46023784966.15069}, "SOL": {"tvl": 5560131153.120642}, "BNB": {"tvl": 5459719714.727608}}