{"BTC": {"tvl": 8489821874.4609375}, "ETH": {"tvl": 89115398966.46071}, "SOL": {"tvl": 11349792735.228062}, "BNB": {"tvl": 9227651834.09859}}