{"BTC": {"tvl": 4278996186.9081993}, "ETH": {"tvl": 41556557835.82285}, "SOL": {"tvl": 4909913016.827948}, "BNB": {"tvl": 4834295951.418388}}