{"BTC": {"tvl": 3851739557.0858355}, "ETH": {"tvl": 36699872214.156265}, "SOL": {"tvl": 4653502935.813866}, "BNB": {"tvl": 4931520774.487097}}