{"BTC": {"tvl": 6776351664.375684}, "ETH": {"tvl": 69515769230.84702}, "SOL": {"tvl": 9086509043.521624}, "BNB": {"tvl": 7092619665.765539}}