{"BTC": {"tvl": 3704489969.0058846}, "ETH": {"tvl": 41372118098.15424}, "SOL": {"tvl": 4903727235.503167}, "BNB": {"tvl": 4973216175.35011}}