{"BTC": {"tvl": 8158723605.167523}, "ETH": {"tvl": 86436691109.7633}, "SOL": {"tvl": 11086020011.7244}, "BNB": {"tvl": 7572941653.109247}}