{"BTC": {"tvl": 4807027229.384508}, "ETH": {"tvl": 42012834186.688934}, "SOL": {"tvl": 5352868381.543749}, "BNB": {"tvl": 5743227281.448384}}