{"BTC": {"tvl": 6399863214.993014}, "ETH": {"tvl": 68035704981.448166}, "SOL": {"tvl": 9053315108.7155}, "BNB": {"tvl": 6896359008.454527}}