{"BTC": {"tvl": 6970807806.620159}, "ETH": {"tvl": 71614464941.7339}, "SOL": {"tvl": 8837947077.947443}, "BNB": {"tvl": 6884118348.779918}}