{"BTC": {"tvl": 4184692575.9138913}, "ETH": {"tvl": 37453903538.091385}, "SOL": {"tvl": 4654768042.830075}, "BNB": {"tvl": 5223310334.965548}}