{"BTC": {"tvl": 8704623875.379644}, "ETH": {"tvl": 94146097203.6838}, "SOL": {"tvl": 12509697978.799547}, "BNB": {"tvl": 7866588513.493339}}