{"BTC": {"tvl": 5065632887.691645}, "ETH": {"tvl": 56211473265.16009}, "SOL": {"tvl": 5887626489.141234}, "BNB": {"tvl": 5442721224.90564}}