{"BTC": {"tvl": 5149465152.970837}, "ETH": {"tvl": 43329138382.976295}, "SOL": {"tvl": 6033173144.637088}, "BNB": {"tvl": 5537721841.095618}}