{"BTC": {"tvl": 9102432727.97693}, "ETH": {"tvl": 95507834317.0175}, "SOL": {"tvl": 12836368970.425308}, "BNB": {"tvl": 8832300046.994751}}