{"BTC": {"tvl": 5171730545.2486}, "ETH": {"tvl": 55733110265.30491}, "SOL": {"tvl": 6425643826.784401}, "BNB": {"tvl": 5454300437.8942175}}