{"BTC": {"tvl": 6486057404.611404}, "ETH": {"tvl": 70136484498.62634}, "SOL": {"tvl": 8828016423.856768}, "BNB": {"tvl": 6959582346.294116}}