{"BTC": {"tvl": 5292523964.730328}, "ETH": {"tvl": 56186517369.9346}, "SOL": {"tvl": 6780023390.797954}, "BNB": {"tvl": 5915178731.212029}}