{"BTC": {"tvl": 7970080127.838402}, "ETH": {"tvl": 92062786179.14703}, "SOL": {"tvl": 11677004736.929285}, "BNB": {"tvl": 7565943625.32606}}