{"BTC": {"tvl": 5162532694.626933}, "ETH": {"tvl": 44095462613.570786}, "SOL": {"tvl": 5969973857.660257}, "BNB": {"tvl": 5532305671.608643}}