{"BTC": {"tvl": 8235383705.729344}, "ETH": {"tvl": 82301081214.96623}, "SOL": {"tvl": 10835296715.120176}, "BNB": {"tvl": 8266200358.770343}}