{"BTC": {"tvl": 5172713337.476593}, "ETH": {"tvl": 44179326393.53044}, "SOL": {"tvl": 6003763014.982025}, "BNB": {"tvl": 5553114055.687853}}