{"BTC": {"tvl": 2916637098.943416}, "ETH": {"tvl": 55659564708.55011}, "SOL": {"tvl": 6831381786.218776}, "BNB": {"tvl": 5707263294.157933}}