{"BTC": {"tvl": 5246666681.613794}, "ETH": {"tvl": 44705816401.18829}, "SOL": {"tvl": 5972649544.561415}, "BNB": {"tvl": 5622839821.914866}}