{"BTC": {"tvl": 7938622313.39837}, "ETH": {"tvl": 90876711502.48062}, "SOL": {"tvl": 12069834100.925295}, "BNB": {"tvl": 7481652137.643267}}