{"BTC": {"tvl": 4623913838.129144}, "ETH": {"tvl": 51911298986.25129}, "SOL": {"tvl": 5460843124.694386}, "BNB": {"tvl": 5331879390.283312}}