{"BTC": {"tvl": 7030140536.896027}, "ETH": {"tvl": 72486885944.88667}, "SOL": {"tvl": 9371649990.085201}, "BNB": {"tvl": 7256182757.3824005}}