{"BTC": {"tvl": 4234545357.992569}, "ETH": {"tvl": 37924200368.07907}, "SOL": {"tvl": 4768778772.62803}, "BNB": {"tvl": 5279210162.7236595}}