{"BTC": {"tvl": 4120167492.716757}, "ETH": {"tvl": 39891671992.14448}, "SOL": {"tvl": 5109609234.50669}, "BNB": {"tvl": 4960940140.074186}}