{"BTC": {"tvl": 3682539349.11527}, "ETH": {"tvl": 41182683052.79912}, "SOL": {"tvl": 4877654957.939862}, "BNB": {"tvl": 4956256476.662897}}