{"BTC": {"tvl": 4146144920.645144}, "ETH": {"tvl": 38564253852.796005}, "SOL": {"tvl": 4754359109.12026}, "BNB": {"tvl": 5090629096.245484}}