{"BTC": {"tvl": 7207333162.000548}, "ETH": {"tvl": 74019663397.86612}, "SOL": {"tvl": 8711075142.514484}, "BNB": {"tvl": 7019547188.702602}}