{"BTC": {"tvl": 5656965277.228973}, "ETH": {"tvl": 59904804846.84006}, "SOL": {"tvl": 7311830168.691967}, "BNB": {"tvl": 6080425916.846767}}