{"BTC": {"tvl": 5819781504.225456}, "ETH": {"tvl": 60957575553.20533}, "SOL": {"tvl": 8490710361.852957}, "BNB": {"tvl": 6133173098.482849}}