{"BTC": {"tvl": 4660017989.628363}, "ETH": {"tvl": 52578933842.33591}, "SOL": {"tvl": 5485281513.050537}, "BNB": {"tvl": 5350180324.240135}}