{"BTC": {"tvl": 6578581352.270165}, "ETH": {"tvl": 70521527725.054}, "SOL": {"tvl": 8825774943.868195}, "BNB": {"tvl": 6810021245.693781}}