{"BTC": {"tvl": 6959156624.41802}, "ETH": {"tvl": 71079801406.29787}, "SOL": {"tvl": 9381124527.562141}, "BNB": {"tvl": 6749944020.397924}}