{"BTC": {"tvl": 5297673776.286495}, "ETH": {"tvl": 45279037535.463745}, "SOL": {"tvl": 5578278840.915856}, "BNB": {"tvl": 5525079717.186679}}