{"BTC": {"tvl": 5336853961.911668}, "ETH": {"tvl": 45609828951.76141}, "SOL": {"tvl": 6143888501.211166}, "BNB": {"tvl": 5711608011.854095}}