{"BTC": {"tvl": 6537288843.989461}, "ETH": {"tvl": 70909456831.8332}, "SOL": {"tvl": 8874877736.250074}, "BNB": {"tvl": 7012035540.756697}}