{"BTC": {"tvl": 6552835465.489193}, "ETH": {"tvl": 71274712184.80257}, "SOL": {"tvl": 8821993185.21413}, "BNB": {"tvl": 7040988651.374635}}