{"BTC": {"tvl": 8138392397.15905}, "ETH": {"tvl": 85816529044.50406}, "SOL": {"tvl": 11025917579.741518}, "BNB": {"tvl": 7625012125.569743}}