{"BTC": {"tvl": 4798819704.81007}, "ETH": {"tvl": 42052223062.99599}, "SOL": {"tvl": 5262939888.874903}, "BNB": {"tvl": 5481027423.788656}}