{"BTC": {"tvl": 8167746408.212716}, "ETH": {"tvl": 85579791598.5722}, "SOL": {"tvl": 11442634777.78361}, "BNB": {"tvl": 8493302483.874199}}