{"BTC": {"tvl": 8126596321.247817}, "ETH": {"tvl": 92246364675.32187}, "SOL": {"tvl": 12431186348.006708}, "BNB": {"tvl": 7515378392.381936}}