{"BTC": {"tvl": 4077643125.3998566}, "ETH": {"tvl": 36857195617.80483}, "SOL": {"tvl": 4510147365.310866}, "BNB": {"tvl": 5149674102.859998}}