{"BTC": {"tvl": 2964498562.2227316}, "ETH": {"tvl": 56986256193.83056}, "SOL": {"tvl": 6972245706.01567}, "BNB": {"tvl": 5836549749.7261}}