{"BTC": {"tvl": 2960526469.1215086}, "ETH": {"tvl": 56947731896.81745}, "SOL": {"tvl": 6957240302.274114}, "BNB": {"tvl": 5803115771.549116}}