{"BTC": {"tvl": 6849703655.909721}, "ETH": {"tvl": 69467874448.01854}, "SOL": {"tvl": 8507155212.090166}, "BNB": {"tvl": 6534965414.885232}}