{"BTC": {"tvl": 8581335714.395404}, "ETH": {"tvl": 92421031922.1281}, "SOL": {"tvl": 12301052137.627762}, "BNB": {"tvl": 8014456012.894195}}