{"BTC": {"tvl": 4251542046.027956}, "ETH": {"tvl": 39239870227.567055}, "SOL": {"tvl": 4946747517.30039}, "BNB": {"tvl": 5163199875.8380995}}