{"BTC": {"tvl": 6549355341.1859865}, "ETH": {"tvl": 70769139026.36122}, "SOL": {"tvl": 8828683768.304342}, "BNB": {"tvl": 7022237518.399718}}