{"BTC": {"tvl": 5021920143.429674}, "ETH": {"tvl": 54489573485.9662}, "SOL": {"tvl": 6447191397.133392}, "BNB": {"tvl": 5661773550.189286}}