{"BTC": {"tvl": 5194224163.428738}, "ETH": {"tvl": 44715925440.03715}, "SOL": {"tvl": 5982521958.32844}, "BNB": {"tvl": 5640417038.978808}}