{"BTC": {"tvl": 5166381917.346677}, "ETH": {"tvl": 56106944027.39992}, "SOL": {"tvl": 6372898544.7677965}, "BNB": {"tvl": 5465340471.867813}}