{"BTC": {"tvl": 4582946416.14503}, "ETH": {"tvl": 55620148534.24623}, "SOL": {"tvl": 6693766082.774389}, "BNB": {"tvl": 5676844952.977979}}