{"BTC": {"tvl": 8133353416.852966}, "ETH": {"tvl": 86775725658.90097}, "SOL": {"tvl": 11258654866.314926}, "BNB": {"tvl": 8410012493.7496805}}