{"BTC": {"tvl": 4100795670.0966883}, "ETH": {"tvl": 38057928828.21081}, "SOL": {"tvl": 4744295177.235934}, "BNB": {"tvl": 5055933426.320409}}