{"BTC": {"tvl": 8710185831.531895}, "ETH": {"tvl": 91109992872.41664}, "SOL": {"tvl": 12042886484.226936}, "BNB": {"tvl": 7990593129.29543}}