{"BTC": {"tvl": 7992432642.192487}, "ETH": {"tvl": 84527339667.89644}, "SOL": {"tvl": 11090993726.38276}, "BNB": {"tvl": 8432010354.276344}}