{"BTC": {"tvl": 4973530600.314673}, "ETH": {"tvl": 54212226439.32844}, "SOL": {"tvl": 6285335025.109645}, "BNB": {"tvl": 5636098398.454038}}