{"BTC": {"tvl": 7864324545.631951}, "ETH": {"tvl": 81579029201.51115}, "SOL": {"tvl": 10704159937.93229}, "BNB": {"tvl": 7974856903.809132}}