{"BTC": {"tvl": 6355141220.477327}, "ETH": {"tvl": 66157559905.959076}, "SOL": {"tvl": 8813456706.368904}, "BNB": {"tvl": 6756240771.569856}}