{"BTC": {"tvl": 8731661789.851797}, "ETH": {"tvl": 92544744281.79884}, "SOL": {"tvl": 12253053872.535215}, "BNB": {"tvl": 8083279442.12167}}