{"BTC": {"tvl": 5301225056.129506}, "ETH": {"tvl": 45247153525.88269}, "SOL": {"tvl": 5857713954.435697}, "BNB": {"tvl": 5620287413.51959}}