{"BTC": {"tvl": 7938849493.815963}, "ETH": {"tvl": 88966386109.82948}, "SOL": {"tvl": 10591769112.068405}, "BNB": {"tvl": 7523287784.946953}}