{"BTC": {"tvl": 4132703939.991855}, "ETH": {"tvl": 36928707928.34163}, "SOL": {"tvl": 4585301241.299944}, "BNB": {"tvl": 5198420134.223141}}