{"BTC": {"tvl": 7161637856.8369465}, "ETH": {"tvl": 73417010224.1703}, "SOL": {"tvl": 8720173099.461569}, "BNB": {"tvl": 7009180262.450007}}