{"BTC": {"tvl": 4552155078.677623}, "ETH": {"tvl": 53300935327.23841}, "SOL": {"tvl": 6323488001.275422}, "BNB": {"tvl": 5300721273.457725}}