{"BTC": {"tvl": 6743315716.731958}, "ETH": {"tvl": 68465113448.7963}, "SOL": {"tvl": 8677230372.579893}, "BNB": {"tvl": 6610235680.63921}}