{"BTC": {"tvl": 8834301532.281088}, "ETH": {"tvl": 95260110193.3321}, "SOL": {"tvl": 12655625520.260849}, "BNB": {"tvl": 7903411735.344074}}