{"BTC": {"tvl": 8063617815.548792}, "ETH": {"tvl": 85379042088.9759}, "SOL": {"tvl": 11209211812.08293}, "BNB": {"tvl": 8348525909.950285}}