{"BTC": {"tvl": 6650652524.093187}, "ETH": {"tvl": 67122940181.234215}, "SOL": {"tvl": 8464726361.072811}, "BNB": {"tvl": 6430789518.625604}}