{"BTC": {"tvl": 7179286643.29212}, "ETH": {"tvl": 73889971918.4742}, "SOL": {"tvl": 8714685428.862621}, "BNB": {"tvl": 7002257455.397723}}