{"BTC": {"tvl": 6983049594.597415}, "ETH": {"tvl": 71578593292.59677}, "SOL": {"tvl": 8836691823.047491}, "BNB": {"tvl": 6855549562.478843}}