{"BTC": {"tvl": 8179906020.500709}, "ETH": {"tvl": 85553028605.41405}, "SOL": {"tvl": 11434281127.225246}, "BNB": {"tvl": 8517526375.436047}}