{"BTC": {"tvl": 8037560391.7122}, "ETH": {"tvl": 86068731786.86069}, "SOL": {"tvl": 11442953241.549067}, "BNB": {"tvl": 8650220320.344254}}