{"BTC": {"tvl": 8343204177.84936}, "ETH": {"tvl": 88809269637.71957}, "SOL": {"tvl": 11760506061.046665}, "BNB": {"tvl": 9143195592.716433}}