{"BTC": {"tvl": 5176140910.773501}, "ETH": {"tvl": 45360755399.08832}, "SOL": {"tvl": 5543762318.140222}, "BNB": {"tvl": 5549903103.951367}}