{"BTC": {"tvl": 5133821621.962749}, "ETH": {"tvl": 44882054321.27528}, "SOL": {"tvl": 5489293565.847331}, "BNB": {"tvl": 5496145402.516494}}