{"BTC": {"tvl": 4423023702.211669}, "ETH": {"tvl": 54706108967.49149}, "SOL": {"tvl": 6593659706.111981}, "BNB": {"tvl": 5846962294.021032}}