{"BTC": {"tvl": 2932498354.775297}, "ETH": {"tvl": 55937253358.70603}, "SOL": {"tvl": 6860920630.74464}, "BNB": {"tvl": 5737082059.301714}}