{"BTC": {"tvl": 8161654592.678706}, "ETH": {"tvl": 86166704349.44878}, "SOL": {"tvl": 11095719526.793955}, "BNB": {"tvl": 7624435153.143524}}