{"BTC": {"tvl": 7083518795.350021}, "ETH": {"tvl": 73388921546.1253}, "SOL": {"tvl": 9407940196.673933}, "BNB": {"tvl": 7196345618.219915}}