{"BTC": {"tvl": 5034783347.865839}, "ETH": {"tvl": 53154644395.35915}, "SOL": {"tvl": 6470759306.856526}, "BNB": {"tvl": 5631661873.710257}}