{"BTC": {"tvl": 7930596591.0474415}, "ETH": {"tvl": 90806376167.76118}, "SOL": {"tvl": 12096426989.406088}, "BNB": {"tvl": 7477770733.380855}}