{"BTC": {"tvl": 8940102281.749424}, "ETH": {"tvl": 94099640152.38129}, "SOL": {"tvl": 12653701491.835455}, "BNB": {"tvl": 9143157739.14227}}