{"BTC": {"tvl": 6658801893.071557}, "ETH": {"tvl": 69349691302.49733}, "SOL": {"tvl": 8225625600.888069}, "BNB": {"tvl": 6764229544.6292305}}