{"BTC": {"tvl": 6870744361.21187}, "ETH": {"tvl": 68944959415.75739}, "SOL": {"tvl": 8609404291.847424}, "BNB": {"tvl": 6549878192.576465}}