{"BTC": {"tvl": 5316941038.780198}, "ETH": {"tvl": 45589020386.41431}, "SOL": {"tvl": 5846320387.130318}, "BNB": {"tvl": 5607499954.021925}}