{"BTC": {"tvl": 7504568070.383161}, "ETH": {"tvl": 91300809261.23451}, "SOL": {"tvl": 10535185073.395058}, "BNB": {"tvl": 7154616431.542765}}