{"BTC": {"tvl": 8154174572.701047}, "ETH": {"tvl": 82726691305.88272}, "SOL": {"tvl": 10419518514.887815}, "BNB": {"tvl": 8226730613.841352}}