{"BTC": {"tvl": 7752661542.003933}, "ETH": {"tvl": 76799016619.60565}, "SOL": {"tvl": 10397819607.383032}, "BNB": {"tvl": 7747194097.116792}}