{"BTC": {"tvl": 6982673104.863131}, "ETH": {"tvl": 72884354954.4864}, "SOL": {"tvl": 9369968307.710361}, "BNB": {"tvl": 7194412631.365514}}