{"BTC": {"tvl": 2937291612.0854917}, "ETH": {"tvl": 56622756358.989815}, "SOL": {"tvl": 6907933180.0505}, "BNB": {"tvl": 5749689205.872702}}