{"BTC": {"tvl": 6980138994.960713}, "ETH": {"tvl": 71590534250.99283}, "SOL": {"tvl": 8908268605.363216}, "BNB": {"tvl": 6782363018.746689}}