{"BTC": {"tvl": 3925993101.2135715}, "ETH": {"tvl": 37577839757.83342}, "SOL": {"tvl": 4813512169.677404}, "BNB": {"tvl": 4862457050.363284}}