{"BTC": {"tvl": 6792657288.2458}, "ETH": {"tvl": 69608303879.99112}, "SOL": {"tvl": 8138817915.895694}, "BNB": {"tvl": 6725413768.364398}}