{"BTC": {"tvl": 3011083019.4433255}, "ETH": {"tvl": 58028551598.92222}, "SOL": {"tvl": 7121267179.719948}, "BNB": {"tvl": 5875362055.564991}}