{"BTC": {"tvl": 4527054012.429633}, "ETH": {"tvl": 53008889498.60724}, "SOL": {"tvl": 5426857009.054468}, "BNB": {"tvl": 5257215129.241616}}