{"BTC": {"tvl": 4567044576.070254}, "ETH": {"tvl": 53395395275.97306}, "SOL": {"tvl": 6332682086.39655}, "BNB": {"tvl": 5302260921.01127}}