{"BTC": {"tvl": 6562455575.642733}, "ETH": {"tvl": 69134599225.05101}, "SOL": {"tvl": 9236140482.291464}, "BNB": {"tvl": 7074884420.672851}}