{"BTC": {"tvl": 5137168185.177498}, "ETH": {"tvl": 45079020109.75242}, "SOL": {"tvl": 5441154212.350556}, "BNB": {"tvl": 5460540682.471695}}