{"BTC": {"tvl": 5130873158.387489}, "ETH": {"tvl": 43338075958.84602}, "SOL": {"tvl": 6059478011.387297}, "BNB": {"tvl": 5533554121.525371}}