{"BTC": {"tvl": 5439976908.003977}, "ETH": {"tvl": 46147618353.21468}, "SOL": {"tvl": 5524397534.301076}, "BNB": {"tvl": 5588518883.172401}}