{"BTC": {"tvl": 4104683733.2545953}, "ETH": {"tvl": 38050465744.492226}, "SOL": {"tvl": 4747256135.265145}, "BNB": {"tvl": 5052231087.315385}}