{"BTC": {"tvl": 6391794061.790428}, "ETH": {"tvl": 68231109277.54862}, "SOL": {"tvl": 9064640015.793112}, "BNB": {"tvl": 6895999981.726333}}