{"BTC": {"tvl": 8362218682.501461}, "ETH": {"tvl": 84232839210.18822}, "SOL": {"tvl": 11026725546.946766}, "BNB": {"tvl": 8253793720.139073}}