{"BTC": {"tvl": 7390035998.038475}, "ETH": {"tvl": 75196650854.96559}, "SOL": {"tvl": 9133340066.39291}, "BNB": {"tvl": 7189825031.3359995}}