{"BTC": {"tvl": 7348419823.122989}, "ETH": {"tvl": 74858789602.26645}, "SOL": {"tvl": 9157583699.06446}, "BNB": {"tvl": 7110670043.432461}}