{"BTC": {"tvl": 7603199708.598761}, "ETH": {"tvl": 75119632035.56383}, "SOL": {"tvl": 10077683141.424679}, "BNB": {"tvl": 7617125121.469883}}