{"BTC": {"tvl": 5052328626.250301}, "ETH": {"tvl": 55757333176.59623}, "SOL": {"tvl": 5875780996.925141}, "BNB": {"tvl": 5544026044.166879}}