{"BTC": {"tvl": 3908955978.015227}, "ETH": {"tvl": 36742148054.53584}, "SOL": {"tvl": 4728051182.081029}, "BNB": {"tvl": 4937993483.6667595}}