{"BTC": {"tvl": 4807715873.9908695}, "ETH": {"tvl": 42262228563.5842}, "SOL": {"tvl": 5394304005.453119}, "BNB": {"tvl": 5552389589.750288}}