{"BTC": {"tvl": 9062705367.402603}, "ETH": {"tvl": 95186783738.85022}, "SOL": {"tvl": 12752331428.985859}, "BNB": {"tvl": 9327432034.182955}}