{"BTC": {"tvl": 4300843381.81116}, "ETH": {"tvl": 41909747052.009735}, "SOL": {"tvl": 4978061481.922068}, "BNB": {"tvl": 4931814466.483258}}