{"BTC": {"tvl": 2883354476.0198517}, "ETH": {"tvl": 55686723850.94344}, "SOL": {"tvl": 6712899651.613777}, "BNB": {"tvl": 5911395506.717482}}