{"BTC": {"tvl": 5296179476.231805}, "ETH": {"tvl": 44976972906.60955}, "SOL": {"tvl": 6075331939.940921}, "BNB": {"tvl": 5688538695.551608}}