{"BTC": {"tvl": 2932473414.790364}, "ETH": {"tvl": 56426656680.38938}, "SOL": {"tvl": 6914499443.2860775}, "BNB": {"tvl": 5792802576.912771}}