{"BTC": {"tvl": 7636218911.643709}, "ETH": {"tvl": 94356180575.91844}, "SOL": {"tvl": 10843356874.44345}, "BNB": {"tvl": 7218803543.90981}}