{"BTC": {"tvl": 7162745551.209467}, "ETH": {"tvl": 75036638513.9974}, "SOL": {"tvl": 9020192337.177011}, "BNB": {"tvl": 6930283708.34606}}