{"BTC": {"tvl": 6576630746.306359}, "ETH": {"tvl": 70734847148.63866}, "SOL": {"tvl": 8827779726.453295}, "BNB": {"tvl": 7029078293.587616}}