{"BTC": {"tvl": 4003502723.082992}, "ETH": {"tvl": 38326788450.54493}, "SOL": {"tvl": 5012643280.626196}, "BNB": {"tvl": 4902007560.058066}}