{"BTC": {"tvl": 8019876631.702991}, "ETH": {"tvl": 84815034586.25179}, "SOL": {"tvl": 10983094048.44127}, "BNB": {"tvl": 8224329474.454048}}