{"BTC": {"tvl": 6690914026.293753}, "ETH": {"tvl": 70267481218.96483}, "SOL": {"tvl": 9133537060.984093}, "BNB": {"tvl": 7041691526.601732}}