{"BTC": {"tvl": 5798035224.17168}, "ETH": {"tvl": 61159904718.76093}, "SOL": {"tvl": 8505989196.146154}, "BNB": {"tvl": 6155818053.855049}}