{"BTC": {"tvl": 8519394588.198871}, "ETH": {"tvl": 88280898533.89578}, "SOL": {"tvl": 11984001826.08202}, "BNB": {"tvl": 8926960417.0787}}