{"BTC": {"tvl": 4087186070.049278}, "ETH": {"tvl": 39988001273.85022}, "SOL": {"tvl": 5098805987.120725}, "BNB": {"tvl": 5015480420.782643}}