{"BTC": {"tvl": 6543885011.919006}, "ETH": {"tvl": 70108214610.95558}, "SOL": {"tvl": 8274080188.360731}, "BNB": {"tvl": 6799108159.750081}}