{"BTC": {"tvl": 7859952719.56641}, "ETH": {"tvl": 83947446684.35324}, "SOL": {"tvl": 10994442049.849771}, "BNB": {"tvl": 8242278945.930279}}