{"BTC": {"tvl": 8729229381.418127}, "ETH": {"tvl": 93754522697.90808}, "SOL": {"tvl": 12463528131.788326}, "BNB": {"tvl": 7725127486.3687935}}