{"BTC": {"tvl": 8189893149.707505}, "ETH": {"tvl": 96479776787.2417}, "SOL": {"tvl": 11118906514.84272}, "BNB": {"tvl": 7793769768.467424}}