{"BTC": {"tvl": 7371639958.310361}, "ETH": {"tvl": 74648912976.1415}, "SOL": {"tvl": 9095299575.199492}, "BNB": {"tvl": 7093084393.689863}}