{"BTC": {"tvl": 5163263964.95272}, "ETH": {"tvl": 54460578707.18832}, "SOL": {"tvl": 6621506413.338582}, "BNB": {"tvl": 5795098094.96826}}