{"BTC": {"tvl": 6915266666.881855}, "ETH": {"tvl": 70149990895.24579}, "SOL": {"tvl": 8533422287.3617525}, "BNB": {"tvl": 6531390353.872689}}