{"BTC": {"tvl": 6122344028.48792}, "ETH": {"tvl": 64497210307.70764}, "SOL": {"tvl": 8657160071.476675}, "BNB": {"tvl": 6587017903.999858}}