{"BTC": {"tvl": 8243857966.605986}, "ETH": {"tvl": 86437021202.62575}, "SOL": {"tvl": 11530490287.690018}, "BNB": {"tvl": 8575600912.844078}}