{"BTC": {"tvl": 6766772389.040497}, "ETH": {"tvl": 68789818348.10402}, "SOL": {"tvl": 8701462192.593204}, "BNB": {"tvl": 6635376794.348164}}