{"BTC": {"tvl": 5215246826.259494}, "ETH": {"tvl": 44965289210.46115}, "SOL": {"tvl": 6021937394.903047}, "BNB": {"tvl": 5633373458.582473}}