{"BTC": {"tvl": 3042773488.5449767}, "ETH": {"tvl": 59091033922.4481}, "SOL": {"tvl": 7179647468.988362}, "BNB": {"tvl": 5931118412.124613}}