{"BTC": {"tvl": 5154724770.285816}, "ETH": {"tvl": 43386041336.37591}, "SOL": {"tvl": 6030598648.943633}, "BNB": {"tvl": 5545487332.543763}}