{"BTC": {"tvl": 4395664048.423647}, "ETH": {"tvl": 40456754648.05866}, "SOL": {"tvl": 5093452007.818403}, "BNB": {"tvl": 5468832617.126483}}