{"BTC": {"tvl": 3560587052.6573386}, "ETH": {"tvl": 40379320212.64477}, "SOL": {"tvl": 4893527138.1633835}, "BNB": {"tvl": 4973385264.120764}}