{"BTC": {"tvl": 6625200781.786329}, "ETH": {"tvl": 71329910358.8824}, "SOL": {"tvl": 8896704968.190226}, "BNB": {"tvl": 6995388625.60543}}