{"BTC": {"tvl": 3082148076.951189}, "ETH": {"tvl": 59700389722.80415}, "SOL": {"tvl": 7139569500.626503}, "BNB": {"tvl": 5932164008.519976}}