{"BTC": {"tvl": 8688509793.6014}, "ETH": {"tvl": 94023316108.24751}, "SOL": {"tvl": 12454470327.680271}, "BNB": {"tvl": 7831075258.874995}}