{"BTC": {"tvl": 6825582532.551668}, "ETH": {"tvl": 68565857369.51236}, "SOL": {"tvl": 8361392232.019214}, "BNB": {"tvl": 6417656201.869927}}