{"BTC": {"tvl": 6895104428.586037}, "ETH": {"tvl": 69906772696.59015}, "SOL": {"tvl": 8267568556.675027}, "BNB": {"tvl": 6806806094.763415}}