{"BTC": {"tvl": 5046227782.851341}, "ETH": {"tvl": 42792052946.52034}, "SOL": {"tvl": 5480030275.038657}, "BNB": {"tvl": 5596331058.621091}}