{"BTC": {"tvl": 4217660514.2364936}, "ETH": {"tvl": 39053179546.38364}, "SOL": {"tvl": 4854842544.86454}, "BNB": {"tvl": 5165747079.295282}}