{"BTC": {"tvl": 7386280522.418924}, "ETH": {"tvl": 75654513690.80016}, "SOL": {"tvl": 9075307094.01379}, "BNB": {"tvl": 7197404408.445904}}