{"BTC": {"tvl": 6992533995.396546}, "ETH": {"tvl": 72012579663.56552}, "SOL": {"tvl": 8904003799.796675}, "BNB": {"tvl": 6931982220.757674}}