{"BTC": {"tvl": 7939730940.138443}, "ETH": {"tvl": 90155535674.25912}, "SOL": {"tvl": 11668132192.931667}, "BNB": {"tvl": 7403493751.68166}}