{"BTC": {"tvl": 4180021586.937628}, "ETH": {"tvl": 37754755597.513374}, "SOL": {"tvl": 4936483219.239281}, "BNB": {"tvl": 5215658475.610523}}