{"BTC": {"tvl": 5080981551.42861}, "ETH": {"tvl": 43288980731.95631}, "SOL": {"tvl": 5933472462.0010395}, "BNB": {"tvl": 5476566332.193825}}