{"BTC": {"tvl": 4167622008.320611}, "ETH": {"tvl": 37796574480.13253}, "SOL": {"tvl": 4931583335.761026}, "BNB": {"tvl": 5225287361.581201}}