{"BTC": {"tvl": 3618435997.5879254}, "ETH": {"tvl": 39792034020.23576}, "SOL": {"tvl": 5078431038.662237}, "BNB": {"tvl": 4958713355.291154}}