{"BTC": {"tvl": 7656492675.4096775}, "ETH": {"tvl": 94551872488.07416}, "SOL": {"tvl": 10828286256.4468}, "BNB": {"tvl": 7221184108.421215}}