{"BTC": {"tvl": 4111196306.382059}, "ETH": {"tvl": 40257954644.189606}, "SOL": {"tvl": 4804705005.754117}, "BNB": {"tvl": 4872486256.025181}}