{"BTC": {"tvl": 4343931560.071578}, "ETH": {"tvl": 39476607606.46867}, "SOL": {"tvl": 4926250739.049191}, "BNB": {"tvl": 5244598825.952699}}