{"BTC": {"tvl": 8133036236.6830635}, "ETH": {"tvl": 85276812029.83638}, "SOL": {"tvl": 11457931842.156418}, "BNB": {"tvl": 8487238926.540487}}