{"BTC": {"tvl": 4948144314.0430565}, "ETH": {"tvl": 54559212032.28799}, "SOL": {"tvl": 5794400186.075041}, "BNB": {"tvl": 5416804284.975693}}