{"BTC": {"tvl": 5109641010.226323}, "ETH": {"tvl": 43233750092.65324}, "SOL": {"tvl": 5989060802.96196}, "BNB": {"tvl": 5498393651.366878}}