{"BTC": {"tvl": 5184446247.724769}, "ETH": {"tvl": 54772972222.96601}, "SOL": {"tvl": 6617634724.412956}, "BNB": {"tvl": 5798952520.963906}}