{"BTC": {"tvl": 4543889946.954182}, "ETH": {"tvl": 52906069280.92815}, "SOL": {"tvl": 5497525167.268057}, "BNB": {"tvl": 5370971342.224742}}