{"BTC": {"tvl": 7908517246.7283125}, "ETH": {"tvl": 91329180268.85378}, "SOL": {"tvl": 11607377091.535503}, "BNB": {"tvl": 7502617546.287367}}