{"BTC": {"tvl": 6884195858.174761}, "ETH": {"tvl": 70685747191.75935}, "SOL": {"tvl": 8654019663.044043}, "BNB": {"tvl": 6752281303.082968}}