{"BTC": {"tvl": 7492203226.330234}, "ETH": {"tvl": 89396265856.31053}, "SOL": {"tvl": 10425047567.748648}, "BNB": {"tvl": 7346735617.492415}}