{"BTC": {"tvl": 4545055480.547647}, "ETH": {"tvl": 53157187929.85513}, "SOL": {"tvl": 6319754237.322253}, "BNB": {"tvl": 5296093093.358816}}