{"BTC": {"tvl": 4402032351.54848}, "ETH": {"tvl": 54558218532.28887}, "SOL": {"tvl": 6602874125.631079}, "BNB": {"tvl": 5854734232.239204}}