{"BTC": {"tvl": 6691369894.002271}, "ETH": {"tvl": 71971997660.92567}, "SOL": {"tvl": 9005777593.469791}, "BNB": {"tvl": 7116648748.780725}}