{"BTC": {"tvl": 5250488718.348183}, "ETH": {"tvl": 45925019209.49542}, "SOL": {"tvl": 5492134436.620392}, "BNB": {"tvl": 5490614968.469953}}