{"BTC": {"tvl": 5226586891.6231165}, "ETH": {"tvl": 46067478268.35326}, "SOL": {"tvl": 5587330160.114611}, "BNB": {"tvl": 5574648863.185818}}