{"BTC": {"tvl": 7630095947.062825}, "ETH": {"tvl": 77966500075.16725}, "SOL": {"tvl": 10046491935.117456}, "BNB": {"tvl": 7546179687.485066}}