{"BTC": {"tvl": 8045146351.973602}, "ETH": {"tvl": 91281697599.2597}, "SOL": {"tvl": 11631744112.611622}, "BNB": {"tvl": 7392588465.447568}}