{"BTC": {"tvl": 5038622369.070942}, "ETH": {"tvl": 54340523204.51096}, "SOL": {"tvl": 6375977208.622977}, "BNB": {"tvl": 5646486381.120937}}