{"BTC": {"tvl": 4562860980.11799}, "ETH": {"tvl": 52889790784.98416}, "SOL": {"tvl": 5484889194.2632065}, "BNB": {"tvl": 5373269159.77591}}