{"BTC": {"tvl": 8408777266.149388}, "ETH": {"tvl": 88833360707.17564}, "SOL": {"tvl": 11351600894.312967}, "BNB": {"tvl": 7860678446.33112}}