{"BTC": {"tvl": 3667252274.460992}, "ETH": {"tvl": 40194049729.983345}, "SOL": {"tvl": 5131014144.496609}, "BNB": {"tvl": 5002616043.609111}}