{"BTC": {"tvl": 6771880430.065341}, "ETH": {"tvl": 69896742275.5247}, "SOL": {"tvl": 9398030941.753635}, "BNB": {"tvl": 7134331755.135921}}