{"BTC": {"tvl": 6844802055.586252}, "ETH": {"tvl": 69535052343.89441}, "SOL": {"tvl": 8498984027.51038}, "BNB": {"tvl": 6541291629.115534}}