{"BTC": {"tvl": 8345399796.927688}, "ETH": {"tvl": 87382020285.73419}, "SOL": {"tvl": 11261969198.890793}, "BNB": {"tvl": 7830900720.343844}}