{"BTC": {"tvl": 4997377844.207754}, "ETH": {"tvl": 42454156227.26694}, "SOL": {"tvl": 5545599073.020989}, "BNB": {"tvl": 5519302574.698204}}