{"BTC": {"tvl": 4016419354.357421}, "ETH": {"tvl": 55872490438.34449}, "SOL": {"tvl": 6684519025.785437}, "BNB": {"tvl": 5917561430.911404}}