{"BTC": {"tvl": 6803785379.804038}, "ETH": {"tvl": 68411367527.59958}, "SOL": {"tvl": 8371816534.397344}, "BNB": {"tvl": 6401593825.651538}}