{"BTC": {"tvl": 8303133729.802829}, "ETH": {"tvl": 89301248937.03777}, "SOL": {"tvl": 11688901997.705286}, "BNB": {"tvl": 7798200276.36036}}