{"BTC": {"tvl": 7241940108.086998}, "ETH": {"tvl": 73945113489.74428}, "SOL": {"tvl": 9635314738.085762}, "BNB": {"tvl": 7228665619.604881}}