{"BTC": {"tvl": 6876793389.500012}, "ETH": {"tvl": 69035676913.16795}, "SOL": {"tvl": 8436643436.838214}, "BNB": {"tvl": 6747483428.236944}}