{"BTC": {"tvl": 6110129215.018508}, "ETH": {"tvl": 64671710320.08601}, "SOL": {"tvl": 8490714207.04244}, "BNB": {"tvl": 6529953347.234123}}