{"BTC": {"tvl": 4368125061.595555}, "ETH": {"tvl": 54704952313.027145}, "SOL": {"tvl": 6527795280.154681}, "BNB": {"tvl": 5788630377.448412}}