{"BTC": {"tvl": 7603001453.772489}, "ETH": {"tvl": 75793735567.49495}, "SOL": {"tvl": 10145542248.481848}, "BNB": {"tvl": 7774355142.214052}}