{"BTC": {"tvl": 6157132859.99025}, "ETH": {"tvl": 64507993902.58003}, "SOL": {"tvl": 8767304452.992205}, "BNB": {"tvl": 6615329992.343579}}