{"BTC": {"tvl": 4249895049.5305166}, "ETH": {"tvl": 41320550748.11485}, "SOL": {"tvl": 4906217178.412651}, "BNB": {"tvl": 4816777010.085282}}