{"BTC": {"tvl": 4356841287.24299}, "ETH": {"tvl": 53389844007.90518}, "SOL": {"tvl": 6453159026.789958}, "BNB": {"tvl": 5564566621.971847}}