{"BTC": {"tvl": 5344161570.372244}, "ETH": {"tvl": 46219704611.94624}, "SOL": {"tvl": 5913769561.491535}, "BNB": {"tvl": 5669423090.754254}}