{"BTC": {"tvl": 3472780751.291472}, "ETH": {"tvl": 39138467044.338844}, "SOL": {"tvl": 4962038381.516921}, "BNB": {"tvl": 4884936301.97154}}