{"BTC": {"tvl": 8527303484.145743}, "ETH": {"tvl": 95162140613.94998}, "SOL": {"tvl": 13034261085.516695}, "BNB": {"tvl": 7675004338.080642}}