{"BTC": {"tvl": 6303579086.540868}, "ETH": {"tvl": 65561280107.84541}, "SOL": {"tvl": 8770314650.876017}, "BNB": {"tvl": 6763538255.207916}}