{"BTC": {"tvl": 4406405395.811061}, "ETH": {"tvl": 39638993694.846115}, "SOL": {"tvl": 5020534528.718957}, "BNB": {"tvl": 5389466785.485783}}