{"BTC": {"tvl": 6807543579.050181}, "ETH": {"tvl": 68397463264.19236}, "SOL": {"tvl": 8368304131.194509}, "BNB": {"tvl": 6382166486.1922245}}