{"BTC": {"tvl": 4649970355.42064}, "ETH": {"tvl": 52537059522.83924}, "SOL": {"tvl": 5480561635.477086}, "BNB": {"tvl": 5340002636.596325}}