{"BTC": {"tvl": 5219510163.715117}, "ETH": {"tvl": 56617202834.525734}, "SOL": {"tvl": 6556139692.834165}, "BNB": {"tvl": 5511355877.243779}}