{"BTC": {"tvl": 6932915216.2225275}, "ETH": {"tvl": 72253728913.49054}, "SOL": {"tvl": 8815303792.98568}, "BNB": {"tvl": 6756715490.850205}}