{"BTC": {"tvl": 6701401004.3365755}, "ETH": {"tvl": 71269038487.34454}, "SOL": {"tvl": 9229992529.884266}, "BNB": {"tvl": 7126960480.254062}}