{"BTC": {"tvl": 3066347070.5584936}, "ETH": {"tvl": 59661780074.848366}, "SOL": {"tvl": 7120681451.934996}, "BNB": {"tvl": 5891618560.715068}}