{"BTC": {"tvl": 6898903746.337998}, "ETH": {"tvl": 68844131278.6688}, "SOL": {"tvl": 8436542014.047903}, "BNB": {"tvl": 6422018769.524205}}