{"BTC": {"tvl": 3956834162.16538}, "ETH": {"tvl": 37789670911.537994}, "SOL": {"tvl": 4826556397.248851}, "BNB": {"tvl": 4968735152.152564}}