{"BTC": {"tvl": 8408641111.734682}, "ETH": {"tvl": 88249609848.78513}, "SOL": {"tvl": 11205379572.842678}, "BNB": {"tvl": 9040384944.046112}}