{"BTC": {"tvl": 6455066403.820381}, "ETH": {"tvl": 69960000332.72188}, "SOL": {"tvl": 8855336750.003098}, "BNB": {"tvl": 6964815041.694857}}