{"BTC": {"tvl": 5236407389.219859}, "ETH": {"tvl": 46094387264.773056}, "SOL": {"tvl": 5435047441.157634}, "BNB": {"tvl": 5483566121.504107}}