{"BTC": {"tvl": 8158733653.225974}, "ETH": {"tvl": 82175593207.4574}, "SOL": {"tvl": 10448825638.214102}, "BNB": {"tvl": 8303420186.651695}}