{"BTC": {"tvl": 5175228684.452772}, "ETH": {"tvl": 44234384792.18909}, "SOL": {"tvl": 5992494138.764107}, "BNB": {"tvl": 5554118321.30667}}