{"BTC": {"tvl": 7051666592.473641}, "ETH": {"tvl": 73027416097.10835}, "SOL": {"tvl": 9427555311.12411}, "BNB": {"tvl": 7277218152.802262}}