{"BTC": {"tvl": 7801389978.724705}, "ETH": {"tvl": 77473526887.40433}, "SOL": {"tvl": 10407338213.245062}, "BNB": {"tvl": 7877816875.530055}}