{"BTC": {"tvl": 6816595560.562127}, "ETH": {"tvl": 68456377001.97745}, "SOL": {"tvl": 8413291416.695865}, "BNB": {"tvl": 6385464266.061083}}