{"BTC": {"tvl": 7977579602.036541}, "ETH": {"tvl": 82697016885.2427}, "SOL": {"tvl": 10921800904.261812}, "BNB": {"tvl": 8261157872.716235}}