{"BTC": {"tvl": 7729786576.095617}, "ETH": {"tvl": 77144092853.96254}, "SOL": {"tvl": 10246760408.743624}, "BNB": {"tvl": 7728258572.36891}}