{"BTC": {"tvl": 7958824140.86116}, "ETH": {"tvl": 91341675165.62247}, "SOL": {"tvl": 11468767922.118464}, "BNB": {"tvl": 7503329819.961891}}