{"BTC": {"tvl": 3935645199.0879045}, "ETH": {"tvl": 37339377951.53641}, "SOL": {"tvl": 4844875333.964918}, "BNB": {"tvl": 4845609938.30434}}