{"BTC": {"tvl": 6964048809.83077}, "ETH": {"tvl": 84345975188.60864}, "SOL": {"tvl": 8912520977.000626}, "BNB": {"tvl": 6771653248.208876}}