{"BTC": {"tvl": 6455259305.720027}, "ETH": {"tvl": 66889764738.14252}, "SOL": {"tvl": 8707609954.944954}, "BNB": {"tvl": 6789589674.05941}}