{"BTC": {"tvl": 8728308390.185808}, "ETH": {"tvl": 93597258692.1032}, "SOL": {"tvl": 12479310654.7942}, "BNB": {"tvl": 7686613787.228149}}