{"BTC": {"tvl": 4867729391.468336}, "ETH": {"tvl": 54986294351.231575}, "SOL": {"tvl": 5674419291.044014}, "BNB": {"tvl": 5455680495.634752}}