{"BTC": {"tvl": 7376772408.42475}, "ETH": {"tvl": 72457065228.86627}, "SOL": {"tvl": 9877986010.491169}, "BNB": {"tvl": 7446051732.089892}}