{"BTC": {"tvl": 8439440094.490574}, "ETH": {"tvl": 89703890554.28418}, "SOL": {"tvl": 11903511203.031681}, "BNB": {"tvl": 7739473468.608725}}