{"BTC": {"tvl": 4581471248.206322}, "ETH": {"tvl": 53758480371.40179}, "SOL": {"tvl": 6417296022.748595}, "BNB": {"tvl": 5334136438.5722475}}