{"BTC": {"tvl": 4323251708.442524}, "ETH": {"tvl": 58986408606.7661}, "SOL": {"tvl": 6270250851.125706}, "BNB": {"tvl": 5509006362.508118}}