{"BTC": {"tvl": 7846022808.567696}, "ETH": {"tvl": 83880578525.47449}, "SOL": {"tvl": 11006594825.138243}, "BNB": {"tvl": 8304770456.365892}}