{"BTC": {"tvl": 7087972188.604186}, "ETH": {"tvl": 73464798508.8076}, "SOL": {"tvl": 9482978077.819283}, "BNB": {"tvl": 7262485934.858689}}