{"BTC": {"tvl": 5085205027.36958}, "ETH": {"tvl": 43388544144.93195}, "SOL": {"tvl": 5907574557.890553}, "BNB": {"tvl": 5474812789.507363}}