{"BTC": {"tvl": 5801082844.1781645}, "ETH": {"tvl": 59181838252.11033}, "SOL": {"tvl": 7429469915.405482}, "BNB": {"tvl": 6127005793.984738}}