{"BTC": {"tvl": 6724098786.37408}, "ETH": {"tvl": 69110423027.38643}, "SOL": {"tvl": 8314093116.842068}, "BNB": {"tvl": 6583120374.525571}}