{"BTC": {"tvl": 8535652576.549532}, "ETH": {"tvl": 93886431420.56898}, "SOL": {"tvl": 12821074098.783564}, "BNB": {"tvl": 7573109101.451356}}