{"BTC": {"tvl": 5031553899.095688}, "ETH": {"tvl": 54326027852.13664}, "SOL": {"tvl": 6496136020.726255}, "BNB": {"tvl": 5656851350.529824}}