{"BTC": {"tvl": 8762500098.291515}, "ETH": {"tvl": 94140636703.84796}, "SOL": {"tvl": 12509933737.869822}, "BNB": {"tvl": 7719705450.161802}}