{"BTC": {"tvl": 4523751033.445198}, "ETH": {"tvl": 53352499241.01641}, "SOL": {"tvl": 5401921194.574541}, "BNB": {"tvl": 5204771105.506069}}