{"BTC": {"tvl": 6749599475.178508}, "ETH": {"tvl": 67570797598.51486}, "SOL": {"tvl": 8142357683.369138}, "BNB": {"tvl": 6623206493.568}}