{"BTC": {"tvl": 5088784060.04846}, "ETH": {"tvl": 42909127063.11817}, "SOL": {"tvl": 5466096170.307433}, "BNB": {"tvl": 5601328294.476822}}