{"BTC": {"tvl": 7367982497.390726}, "ETH": {"tvl": 75124232373.6629}, "SOL": {"tvl": 9120519946.533903}, "BNB": {"tvl": 7165242837.26774}}