{"BTC": {"tvl": 6560559499.519011}, "ETH": {"tvl": 68420477612.25409}, "SOL": {"tvl": 8843570390.51227}, "BNB": {"tvl": 7020213421.36333}}