{"BTC": {"tvl": 5179537293.875105}, "ETH": {"tvl": 44229182860.21258}, "SOL": {"tvl": 5993824207.007631}, "BNB": {"tvl": 5555521742.155912}}