{"BTC": {"tvl": 6841092139.131053}, "ETH": {"tvl": 68653530142.18119}, "SOL": {"tvl": 8427332841.686856}, "BNB": {"tvl": 6727208152.033731}}