{"BTC": {"tvl": 4096864115.7282004}, "ETH": {"tvl": 38123300916.50232}, "SOL": {"tvl": 4737487365.696731}, "BNB": {"tvl": 5053122310.36778}}