{"BTC": {"tvl": 7061924555.487393}, "ETH": {"tvl": 72949514717.91466}, "SOL": {"tvl": 9397378907.72692}, "BNB": {"tvl": 7292333947.36053}}