{"BTC": {"tvl": 7243516665.006242}, "ETH": {"tvl": 73362825573.37732}, "SOL": {"tvl": 9091955864.615784}, "BNB": {"tvl": 7087816230.900915}}