{"BTC": {"tvl": 8057408858.630218}, "ETH": {"tvl": 85292255909.10753}, "SOL": {"tvl": 11215856744.149141}, "BNB": {"tvl": 8349268141.228066}}