{"BTC": {"tvl": 7368162350.292342}, "ETH": {"tvl": 75273534376.67738}, "SOL": {"tvl": 9211645988.88935}, "BNB": {"tvl": 7209357811.345126}}