{"BTC": {"tvl": 6478080837.762704}, "ETH": {"tvl": 66397150179.93757}, "SOL": {"tvl": 8894585336.945406}, "BNB": {"tvl": 6817746881.907628}}