{"BTC": {"tvl": 4468327727.132237}, "ETH": {"tvl": 55754716247.62299}, "SOL": {"tvl": 6642412318.697421}, "BNB": {"tvl": 5859801508.293896}}