{"BTC": {"tvl": 7517493998.964808}, "ETH": {"tvl": 75969763131.2077}, "SOL": {"tvl": 9220298380.332657}, "BNB": {"tvl": 7183264821.510775}}