{"BTC": {"tvl": 5822128735.808746}, "ETH": {"tvl": 61508130803.9421}, "SOL": {"tvl": 8582984949.433782}, "BNB": {"tvl": 6187260566.530061}}