{"BTC": {"tvl": 6750892576.9683695}, "ETH": {"tvl": 67481002659.74523}, "SOL": {"tvl": 7988086896.287062}, "BNB": {"tvl": 6614251986.254042}}