{"BTC": {"tvl": 2927483781.7601533}, "ETH": {"tvl": 56313711550.33109}, "SOL": {"tvl": 6851004986.227666}, "BNB": {"tvl": 5745623194.80656}}