{"BTC": {"tvl": 4725456253.337829}, "ETH": {"tvl": 41885875675.49767}, "SOL": {"tvl": 5304999924.793209}, "BNB": {"tvl": 5680376323.060123}}