{"BTC": {"tvl": 8562087513.180441}, "ETH": {"tvl": 95749279087.84204}, "SOL": {"tvl": 13032301426.795925}, "BNB": {"tvl": 7680934788.457285}}