{"BTC": {"tvl": 2952473129.497121}, "ETH": {"tvl": 56006657174.44566}, "SOL": {"tvl": 6776078242.895432}, "BNB": {"tvl": 5430070273.4531765}}