{"BTC": {"tvl": 5183860042.936086}, "ETH": {"tvl": 45348538236.70194}, "SOL": {"tvl": 5569310090.107602}, "BNB": {"tvl": 5559936606.052369}}