{"BTC": {"tvl": 6197617766.117292}, "ETH": {"tvl": 64891760913.783005}, "SOL": {"tvl": 8780171919.340204}, "BNB": {"tvl": 6685183261.097685}}