{"BTC": {"tvl": 4054633918.5757847}, "ETH": {"tvl": 37938168357.47833}, "SOL": {"tvl": 4751159755.610088}, "BNB": {"tvl": 5021664858.923273}}