{"BTC": {"tvl": 4107571789.0321426}, "ETH": {"tvl": 36907696156.07752}, "SOL": {"tvl": 4788980895.588945}, "BNB": {"tvl": 5136446657.459109}}