{"BTC": {"tvl": 7460457666.418449}, "ETH": {"tvl": 74054581002.24371}, "SOL": {"tvl": 9954864606.480879}, "BNB": {"tvl": 8143349877.362009}}