{"BTC": {"tvl": 2959100582.1191926}, "ETH": {"tvl": 56875483822.12608}, "SOL": {"tvl": 6922193672.297702}, "BNB": {"tvl": 5775501598.833697}}