{"BTC": {"tvl": 4369093961.122749}, "ETH": {"tvl": 53413350785.768135}, "SOL": {"tvl": 6440409873.978099}, "BNB": {"tvl": 5256306484.777937}}