{"BTC": {"tvl": 7603929641.408691}, "ETH": {"tvl": 74806730447.36243}, "SOL": {"tvl": 10209716542.932474}, "BNB": {"tvl": 7727366619.421739}}