{"BTC": {"tvl": 4274917705.5329185}, "ETH": {"tvl": 41620473052.80438}, "SOL": {"tvl": 4962436348.452977}, "BNB": {"tvl": 4923731248.772323}}