{"BTC": {"tvl": 2896377042.8229938}, "ETH": {"tvl": 56077240987.69297}, "SOL": {"tvl": 6822838461.682318}, "BNB": {"tvl": 5709952745.891944}}