{"BTC": {"tvl": 5241124585.630251}, "ETH": {"tvl": 45034020169.45097}, "SOL": {"tvl": 6032554873.147254}, "BNB": {"tvl": 5643469549.431777}}