{"BTC": {"tvl": 7933838124.00242}, "ETH": {"tvl": 92522960207.90057}, "SOL": {"tvl": 11450955103.91425}, "BNB": {"tvl": 7492415021.288245}}