{"BTC": {"tvl": 8812413368.498995}, "ETH": {"tvl": 91697595374.15921}, "SOL": {"tvl": 12097021379.063705}, "BNB": {"tvl": 8024305739.391951}}