{"BTC": {"tvl": 7076807735.946277}, "ETH": {"tvl": 72676680378.61186}, "SOL": {"tvl": 8710024220.273932}, "BNB": {"tvl": 6754402099.544296}}