{"BTC": {"tvl": 7837718795.300526}, "ETH": {"tvl": 90189982328.29112}, "SOL": {"tvl": 11333960283.912186}, "BNB": {"tvl": 7409883551.704469}}