{"BTC": {"tvl": 4179604218.524731}, "ETH": {"tvl": 38712868788.55888}, "SOL": {"tvl": 4779016498.084207}, "BNB": {"tvl": 5102292833.791927}}