{"BTC": {"tvl": 5182559620.3333}, "ETH": {"tvl": 56443317712.210594}, "SOL": {"tvl": 6513075116.207659}, "BNB": {"tvl": 5489828077.73535}}