{"BTC": {"tvl": 7896009957.536442}, "ETH": {"tvl": 91055956481.70921}, "SOL": {"tvl": 11208607290.771114}, "BNB": {"tvl": 7375790947.982557}}