{"BTC": {"tvl": 7894166936.1231785}, "ETH": {"tvl": 90293719899.8515}, "SOL": {"tvl": 11254252330.591026}, "BNB": {"tvl": 7360885366.047388}}