{"BTC": {"tvl": 6974521386.110418}, "ETH": {"tvl": 71708316393.45486}, "SOL": {"tvl": 8857518083.350307}, "BNB": {"tvl": 6918252978.923797}}