{"BTC": {"tvl": 8271798584.739994}, "ETH": {"tvl": 86717428085.59923}, "SOL": {"tvl": 11065560641.981802}, "BNB": {"tvl": 7725769302.36065}}