{"BTC": {"tvl": 5184574796.4974575}, "ETH": {"tvl": 45035697984.49053}, "SOL": {"tvl": 5570467601.478366}, "BNB": {"tvl": 5592216390.982821}}