{"BTC": {"tvl": 7776027653.739809}, "ETH": {"tvl": 94558357330.03938}, "SOL": {"tvl": 11197762770.310797}, "BNB": {"tvl": 7514702798.358795}}