{"BTC": {"tvl": 8052467745.663142}, "ETH": {"tvl": 93298662707.44647}, "SOL": {"tvl": 11814626195.148674}, "BNB": {"tvl": 7652534644.949316}}