{"BTC": {"tvl": 8144273866.11044}, "ETH": {"tvl": 85998327879.85701}, "SOL": {"tvl": 11109577162.99731}, "BNB": {"tvl": 7589873850.800118}}