{"BTC": {"tvl": 3910102098.60984}, "ETH": {"tvl": 37354446628.728264}, "SOL": {"tvl": 4787247761.153878}, "BNB": {"tvl": 4844885897.792265}}