{"BTC": {"tvl": 9204747409.867598}, "ETH": {"tvl": 98196733795.86314}, "SOL": {"tvl": 12994202284.014084}, "BNB": {"tvl": 8915273717.098965}}