{"BTC": {"tvl": 7767531319.895926}, "ETH": {"tvl": 93948562369.30074}, "SOL": {"tvl": 10986227988.617332}, "BNB": {"tvl": 7552892759.137653}}