{"BTC": {"tvl": 5116824712.359371}, "ETH": {"tvl": 43130499539.17058}, "SOL": {"tvl": 5495156388.947739}, "BNB": {"tvl": 5634588451.498864}}