{"BTC": {"tvl": 7875207950.087888}, "ETH": {"tvl": 90523382761.38626}, "SOL": {"tvl": 12106320842.3846}, "BNB": {"tvl": 7427132817.513083}}