{"BTC": {"tvl": 6599762393.2744255}, "ETH": {"tvl": 71283555488.5}, "SOL": {"tvl": 8897437357.419943}, "BNB": {"tvl": 6993134082.325211}}