{"BTC": {"tvl": 3608208636.80798}, "ETH": {"tvl": 55826433741.678925}, "SOL": {"tvl": 6734876144.762909}, "BNB": {"tvl": 5443076032.399723}}