{"BTC": {"tvl": 5110222964.014495}, "ETH": {"tvl": 43120138669.82307}, "SOL": {"tvl": 5486820428.8297}, "BNB": {"tvl": 5638279909.701549}}