{"BTC": {"tvl": 4220359269.926144}, "ETH": {"tvl": 41019482590.73599}, "SOL": {"tvl": 4879852521.020169}, "BNB": {"tvl": 4963132282.895026}}