{"BTC": {"tvl": 2882995828.954153}, "ETH": {"tvl": 56259075081.6747}, "SOL": {"tvl": 6790614672.341087}, "BNB": {"tvl": 5642337443.119232}}