{"BTC": {"tvl": 8863197492.642464}, "ETH": {"tvl": 92993302914.8913}, "SOL": {"tvl": 12530724172.47985}, "BNB": {"tvl": 9059357654.401854}}