{"BTC": {"tvl": 4177429365.1827583}, "ETH": {"tvl": 40650805042.4234}, "SOL": {"tvl": 4821117728.1547785}, "BNB": {"tvl": 4904598307.367528}}