{"BTC": {"tvl": 4254057860.4203515}, "ETH": {"tvl": 41525625914.966896}, "SOL": {"tvl": 4940364844.085562}, "BNB": {"tvl": 4921146892.834561}}