{"BTC": {"tvl": 7738673593.895499}, "ETH": {"tvl": 93950712801.48419}, "SOL": {"tvl": 10901741255.2514}, "BNB": {"tvl": 7513426901.692794}}