{"BTC": {"tvl": 2944825376.143319}, "ETH": {"tvl": 56818327183.10667}, "SOL": {"tvl": 6934676223.005459}, "BNB": {"tvl": 5774020247.147875}}