{"BTC": {"tvl": 6414252791.764771}, "ETH": {"tvl": 68663151928.72455}, "SOL": {"tvl": 8757522845.593565}, "BNB": {"tvl": 6840787222.250675}}