{"BTC": {"tvl": 6625768773.437199}, "ETH": {"tvl": 67249166370.080925}, "SOL": {"tvl": 8330818803.553097}, "BNB": {"tvl": 6398424252.901099}}