{"BTC": {"tvl": 8233185435.29127}, "ETH": {"tvl": 87041294954.22812}, "SOL": {"tvl": 11525034409.26769}, "BNB": {"tvl": 8709825585.328772}}