{"BTC": {"tvl": 9109372875.116894}, "ETH": {"tvl": 97974413312.85625}, "SOL": {"tvl": 12940155183.421926}, "BNB": {"tvl": 8928481298.708982}}