{"BTC": {"tvl": 4811737358.598737}, "ETH": {"tvl": 42006901936.35269}, "SOL": {"tvl": 5251153295.216855}, "BNB": {"tvl": 5467593594.106638}}