{"BTC": {"tvl": 4543573141.036532}, "ETH": {"tvl": 53187173854.458244}, "SOL": {"tvl": 6427796689.606509}, "BNB": {"tvl": 5294364238.951029}}