{"BTC": {"tvl": 4033511373.089991}, "ETH": {"tvl": 38460332355.04955}, "SOL": {"tvl": 5019514655.118412}, "BNB": {"tvl": 4897969411.303466}}