{"BTC": {"tvl": 8495092014.030426}, "ETH": {"tvl": 88913959921.54736}, "SOL": {"tvl": 11464151304.587841}, "BNB": {"tvl": 7936879558.934274}}