{"BTC": {"tvl": 8847682688.962261}, "ETH": {"tvl": 92208767441.10678}, "SOL": {"tvl": 12433056984.333305}, "BNB": {"tvl": 9020662818.582157}}