{"BTC": {"tvl": 5084655736.964053}, "ETH": {"tvl": 49589404044.21105}, "SOL": {"tvl": 5766012333.164231}, "BNB": {"tvl": 5457264775.169339}}