{"BTC": {"tvl": 8345176828.841486}, "ETH": {"tvl": 88866977347.22511}, "SOL": {"tvl": 11851927075.913103}, "BNB": {"tvl": 8774908413.096437}}