{"BTC": {"tvl": 8830615691.778692}, "ETH": {"tvl": 95522059557.08672}, "SOL": {"tvl": 12740513712.40972}, "BNB": {"tvl": 7911351615.907524}}