{"BTC": {"tvl": 4805967771.603885}, "ETH": {"tvl": 53805631548.64848}, "SOL": {"tvl": 5701360993.416332}, "BNB": {"tvl": 5370948740.22256}}