{"BTC": {"tvl": 7939667757.933996}, "ETH": {"tvl": 90618788276.40686}, "SOL": {"tvl": 11668649334.753592}, "BNB": {"tvl": 7423106738.60773}}