{"BTC": {"tvl": 4817516524.536264}, "ETH": {"tvl": 53659229793.538605}, "SOL": {"tvl": 5724141171.124445}, "BNB": {"tvl": 5397086218.100755}}