{"BTC": {"tvl": 4315237306.052862}, "ETH": {"tvl": 53093992672.292755}, "SOL": {"tvl": 6424790283.758946}, "BNB": {"tvl": 5539372162.512674}}