{"BTC": {"tvl": 4162453241.001928}, "ETH": {"tvl": 38551501560.59541}, "SOL": {"tvl": 4764380775.814917}, "BNB": {"tvl": 5088067184.132362}}