{"BTC": {"tvl": 7033629453.84339}, "ETH": {"tvl": 73525534906.07028}, "SOL": {"tvl": 8876741147.287111}, "BNB": {"tvl": 6874459069.662677}}