{"BTC": {"tvl": 4549991084.675097}, "ETH": {"tvl": 52995089422.586754}, "SOL": {"tvl": 5510767696.088557}, "BNB": {"tvl": 5299882746.96896}}