{"BTC": {"tvl": 5795509333.404149}, "ETH": {"tvl": 60238614848.32137}, "SOL": {"tvl": 8400224690.921078}, "BNB": {"tvl": 6073524538.725638}}