{"BTC": {"tvl": 3932541109.196037}, "ETH": {"tvl": 37363770873.6761}, "SOL": {"tvl": 4908257088.047867}, "BNB": {"tvl": 4832147194.067658}}