{"BTC": {"tvl": 6452255649.856227}, "ETH": {"tvl": 70088195793.8988}, "SOL": {"tvl": 8846465815.033714}, "BNB": {"tvl": 6956372872.466046}}