{"BTC": {"tvl": 6361644428.687046}, "ETH": {"tvl": 65692160128.38315}, "SOL": {"tvl": 8809435202.469522}, "BNB": {"tvl": 6760192594.725672}}