{"BTC": {"tvl": 6625689089.617694}, "ETH": {"tvl": 70946856577.5828}, "SOL": {"tvl": 8355656936.123092}, "BNB": {"tvl": 6843131598.915737}}