{"BTC": {"tvl": 8118849339.305914}, "ETH": {"tvl": 85487394354.79506}, "SOL": {"tvl": 11238447892.64635}, "BNB": {"tvl": 8377776159.018309}}