{"BTC": {"tvl": 5317232073.8191595}, "ETH": {"tvl": 45132703273.09457}, "SOL": {"tvl": 5590373816.581927}, "BNB": {"tvl": 5524835522.516595}}