{"BTC": {"tvl": 5268227191.346635}, "ETH": {"tvl": 45566590186.91112}, "SOL": {"tvl": 5453427450.492111}, "BNB": {"tvl": 5512729736.061072}}