{"BTC": {"tvl": 7401924297.577159}, "ETH": {"tvl": 74638486915.11865}, "SOL": {"tvl": 9112712791.3531}, "BNB": {"tvl": 7118831839.442767}}