{"BTC": {"tvl": 4539242572.532859}, "ETH": {"tvl": 52936086812.52978}, "SOL": {"tvl": 5418934016.85561}, "BNB": {"tvl": 5277765734.117216}}