{"BTC": {"tvl": 5024045370.3288145}, "ETH": {"tvl": 55211955015.75156}, "SOL": {"tvl": 5836489087.283022}, "BNB": {"tvl": 5440854970.131724}}