{"BTC": {"tvl": 5081520712.921492}, "ETH": {"tvl": 54083242312.19428}, "SOL": {"tvl": 6548324350.64217}, "BNB": {"tvl": 5676095782.753714}}