{"BTC": {"tvl": 5058331331.1926155}, "ETH": {"tvl": 54504267058.97771}, "SOL": {"tvl": 6342165126.579741}, "BNB": {"tvl": 5606982007.644154}}