{"BTC": {"tvl": 8689625680.943851}, "ETH": {"tvl": 93420334729.51228}, "SOL": {"tvl": 12488873323.045567}, "BNB": {"tvl": 7698623295.874536}}