{"BTC": {"tvl": 8020977357.493332}, "ETH": {"tvl": 84974184342.31699}, "SOL": {"tvl": 11097326201.496832}, "BNB": {"tvl": 8185093366.290094}}