{"BTC": {"tvl": 4110215139.756496}, "ETH": {"tvl": 39976662525.636856}, "SOL": {"tvl": 5109618223.523784}, "BNB": {"tvl": 4988650045.606897}}