{"BTC": {"tvl": 6985928978.371456}, "ETH": {"tvl": 71647787739.66008}, "SOL": {"tvl": 8888254283.452023}, "BNB": {"tvl": 6773678807.419133}}