{"BTC": {"tvl": 3548691058.738389}, "ETH": {"tvl": 40210732732.45092}, "SOL": {"tvl": 4870906908.967139}, "BNB": {"tvl": 4934684575.517568}}