{"BTC": {"tvl": 7890033269.8202505}, "ETH": {"tvl": 91295892430.7206}, "SOL": {"tvl": 11294085324.728771}, "BNB": {"tvl": 7464352309.566177}}