{"BTC": {"tvl": 2849578188.7402487}, "ETH": {"tvl": 54822662771.3274}, "SOL": {"tvl": 6741402028.503103}, "BNB": {"tvl": 5413594107.817072}}