{"BTC": {"tvl": 5133881694.2499275}, "ETH": {"tvl": 43401962711.74034}, "SOL": {"tvl": 6022791419.898674}, "BNB": {"tvl": 5529929320.308303}}