{"BTC": {"tvl": 4072959359.238584}, "ETH": {"tvl": 37171529113.9523}, "SOL": {"tvl": 4800625074.141215}, "BNB": {"tvl": 5156900752.795998}}