{"BTC": {"tvl": 7386066541.006161}, "ETH": {"tvl": 87721293382.19249}, "SOL": {"tvl": 10415799011.191898}, "BNB": {"tvl": 7391638787.95827}}