{"BTC": {"tvl": 8693475538.71442}, "ETH": {"tvl": 94983016565.33334}, "SOL": {"tvl": 12479132500.7026}, "BNB": {"tvl": 7955544147.011372}}