{"BTC": {"tvl": 4062592127.3349147}, "ETH": {"tvl": 39523975713.19157}, "SOL": {"tvl": 5073639927.876929}, "BNB": {"tvl": 4939271171.964932}}