{"BTC": {"tvl": 5006885696.37792}, "ETH": {"tvl": 55547337277.53038}, "SOL": {"tvl": 5813939508.569079}, "BNB": {"tvl": 5524660792.96128}}