{"BTC": {"tvl": 4192097871.8782225}, "ETH": {"tvl": 40977349285.96077}, "SOL": {"tvl": 4868600939.998874}, "BNB": {"tvl": 4951168304.717064}}