{"BTC": {"tvl": 7879497674.791239}, "ETH": {"tvl": 90889711777.40514}, "SOL": {"tvl": 12151543143.737976}, "BNB": {"tvl": 7432250085.22162}}