{"BTC": {"tvl": 4338837302.881369}, "ETH": {"tvl": 52852772717.800934}, "SOL": {"tvl": 6408509807.682635}, "BNB": {"tvl": 5249621987.427234}}