{"BTC": {"tvl": 7479266962.667455}, "ETH": {"tvl": 75863539563.43996}, "SOL": {"tvl": 9222277254.862114}, "BNB": {"tvl": 7196161132.099158}}