{"BTC": {"tvl": 4202770825.220538}, "ETH": {"tvl": 40945122541.52976}, "SOL": {"tvl": 4889099182.886339}, "BNB": {"tvl": 4872084750.183381}}