{"BTC": {"tvl": 5408239361.447416}, "ETH": {"tvl": 46076114269.49746}, "SOL": {"tvl": 5495311598.235592}, "BNB": {"tvl": 5580830842.767734}}