{"BTC": {"tvl": 7167076799.0194025}, "ETH": {"tvl": 72667385992.29422}, "SOL": {"tvl": 9071157268.401978}, "BNB": {"tvl": 7009882105.03678}}