{"BTC": {"tvl": 4343717124.942368}, "ETH": {"tvl": 41875805835.77072}, "SOL": {"tvl": 4973117515.698189}, "BNB": {"tvl": 4945011351.458314}}