{"BTC": {"tvl": 4720002197.844949}, "ETH": {"tvl": 54561251576.16451}, "SOL": {"tvl": 5573667570.763325}, "BNB": {"tvl": 5387975841.687524}}