{"BTC": {"tvl": 5095249362.220014}, "ETH": {"tvl": 45179592385.66734}, "SOL": {"tvl": 5471765409.716361}, "BNB": {"tvl": 5482793694.618202}}