{"BTC": {"tvl": 8145738424.936633}, "ETH": {"tvl": 85501644807.61284}, "SOL": {"tvl": 10911511933.139378}, "BNB": {"tvl": 7552968058.867882}}