{"BTC": {"tvl": 7641693089.25116}, "ETH": {"tvl": 92356139716.33348}, "SOL": {"tvl": 10649364137.034967}, "BNB": {"tvl": 7396341105.462524}}