{"BTC": {"tvl": 6658607330.922264}, "ETH": {"tvl": 71312366871.53264}, "SOL": {"tvl": 8342754110.722078}, "BNB": {"tvl": 6877480849.2352915}}