{"BTC": {"tvl": 6793429972.441769}, "ETH": {"tvl": 69077818298.39981}, "SOL": {"tvl": 8766303133.242529}, "BNB": {"tvl": 6661930747.593446}}