{"BTC": {"tvl": 3512323207.633817}, "ETH": {"tvl": 39512127295.59288}, "SOL": {"tvl": 5054258367.741762}, "BNB": {"tvl": 4931026914.466205}}