{"BTC": {"tvl": 7972624286.358402}, "ETH": {"tvl": 91314262743.98523}, "SOL": {"tvl": 12329277593.361113}, "BNB": {"tvl": 7459017079.9516535}}