{"BTC": {"tvl": 6478551641.544966}, "ETH": {"tvl": 68328519824.0911}, "SOL": {"tvl": 9043694251.790768}, "BNB": {"tvl": 6899046375.572143}}