{"BTC": {"tvl": 7687399136.744256}, "ETH": {"tvl": 79211158508.5659}, "SOL": {"tvl": 10321823691.621824}, "BNB": {"tvl": 7729926699.351142}}