{"BTC": {"tvl": 6934507682.5414295}, "ETH": {"tvl": 70020080609.06276}, "SOL": {"tvl": 8778888808.003553}, "BNB": {"tvl": 6820620421.269977}}