{"BTC": {"tvl": 4837716181.304604}, "ETH": {"tvl": 42232023442.05112}, "SOL": {"tvl": 5406732950.416374}, "BNB": {"tvl": 5763549519.237969}}