{"BTC": {"tvl": 7047903377.427374}, "ETH": {"tvl": 72518909947.07216}, "SOL": {"tvl": 9059757126.149881}, "BNB": {"tvl": 6921674441.440002}}