{"BTC": {"tvl": 4292418533.6420317}, "ETH": {"tvl": 52554098264.021614}, "SOL": {"tvl": 6319694184.968062}, "BNB": {"tvl": 5395250936.497752}}