{"BTC": {"tvl": 6668842502.125641}, "ETH": {"tvl": 68351304974.33435}, "SOL": {"tvl": 8204245327.508617}, "BNB": {"tvl": 6502510989.75961}}