{"BTC": {"tvl": 6581961243.842505}, "ETH": {"tvl": 71631746140.04102}, "SOL": {"tvl": 8869454479.21521}, "BNB": {"tvl": 7033074125.764909}}