{"BTC": {"tvl": 5079534163.002255}, "ETH": {"tvl": 53874164473.257614}, "SOL": {"tvl": 6519559986.287337}, "BNB": {"tvl": 5691820366.971506}}