{"BTC": {"tvl": 5066598427.597434}, "ETH": {"tvl": 53873744069.667694}, "SOL": {"tvl": 6523110540.606718}, "BNB": {"tvl": 5685168989.068976}}