{"BTC": {"tvl": 6946467189.522441}, "ETH": {"tvl": 70056208038.65665}, "SOL": {"tvl": 9242371815.839981}, "BNB": {"tvl": 7183498343.513785}}