{"BTC": {"tvl": 8112912961.619119}, "ETH": {"tvl": 91981347644.27855}, "SOL": {"tvl": 12445966530.845732}, "BNB": {"tvl": 7511337879.545004}}