{"BTC": {"tvl": 7901765167.652237}, "ETH": {"tvl": 91086804893.40817}, "SOL": {"tvl": 11327413445.698275}, "BNB": {"tvl": 7470373629.718821}}