{"BTC": {"tvl": 3542067158.0472455}, "ETH": {"tvl": 40280580099.673096}, "SOL": {"tvl": 4934741064.561812}, "BNB": {"tvl": 4946438417.905988}}