{"BTC": {"tvl": 4467427439.59567}, "ETH": {"tvl": 54994945205.48784}, "SOL": {"tvl": 6612450776.292779}, "BNB": {"tvl": 5654350763.057}}