{"BTC": {"tvl": 5214618720.060364}, "ETH": {"tvl": 45698198965.2345}, "SOL": {"tvl": 5563270272.356805}, "BNB": {"tvl": 5561300164.658414}}