{"BTC": {"tvl": 7638538427.264162}, "ETH": {"tvl": 93229540910.02765}, "SOL": {"tvl": 10818110556.640064}, "BNB": {"tvl": 7254604973.661981}}