{"BTC": {"tvl": 4002153367.9787393}, "ETH": {"tvl": 36153077539.43509}, "SOL": {"tvl": 4683129840.47237}, "BNB": {"tvl": 5039814185.323466}}