{"BTC": {"tvl": 6700278624.663187}, "ETH": {"tvl": 68563506773.665985}, "SOL": {"tvl": 7994372580.894689}, "BNB": {"tvl": 6684693276.201527}}