{"BTC": {"tvl": 5765195618.689606}, "ETH": {"tvl": 59897688747.18276}, "SOL": {"tvl": 8417121686.605903}, "BNB": {"tvl": 6063629533.275455}}