{"BTC": {"tvl": 6185342871.333545}, "ETH": {"tvl": 66155569204.85299}, "SOL": {"tvl": 9328093841.349838}, "BNB": {"tvl": 6573378467.969682}}