{"BTC": {"tvl": 4207922245.2663593}, "ETH": {"tvl": 39144713536.98018}, "SOL": {"tvl": 4855707814.55736}, "BNB": {"tvl": 5142587463.503142}}