{"BTC": {"tvl": 4880155110.320393}, "ETH": {"tvl": 53162508158.581505}, "SOL": {"tvl": 6238561986.123007}, "BNB": {"tvl": 5308928530.269239}}