{"BTC": {"tvl": 8540067869.283388}, "ETH": {"tvl": 94286700322.48921}, "SOL": {"tvl": 12758388846.57681}, "BNB": {"tvl": 7585729660.8883095}}