{"BTC": {"tvl": 5198708866.217318}, "ETH": {"tvl": 56124232780.05301}, "SOL": {"tvl": 6504810883.637237}, "BNB": {"tvl": 5464845211.807458}}