{"BTC": {"tvl": 5216545456.444577}, "ETH": {"tvl": 56394127168.49265}, "SOL": {"tvl": 6504288888.127077}, "BNB": {"tvl": 5520843780.322541}}