{"BTC": {"tvl": 6865184034.147477}, "ETH": {"tvl": 68654450503.94222}, "SOL": {"tvl": 8398956504.390437}, "BNB": {"tvl": 6402329447.279874}}