{"BTC": {"tvl": 5244016440.6296}, "ETH": {"tvl": 56171152936.88779}, "SOL": {"tvl": 6715951255.529136}, "BNB": {"tvl": 5860984314.825794}}