{"BTC": {"tvl": 8446746171.785829}, "ETH": {"tvl": 89733409090.07423}, "SOL": {"tvl": 11978648902.217438}, "BNB": {"tvl": 7777812317.167301}}