{"BTC": {"tvl": 4228658172.6526666}, "ETH": {"tvl": 39076098421.84166}, "SOL": {"tvl": 4911582596.767592}, "BNB": {"tvl": 5140397727.643158}}