{"BTC": {"tvl": 7036683374.982008}, "ETH": {"tvl": 70405416330.61284}, "SOL": {"tvl": 8826345683.04282}, "BNB": {"tvl": 6872765473.62764}}