{"BTC": {"tvl": 6721552659.575225}, "ETH": {"tvl": 67324944764.726395}, "SOL": {"tvl": 8518636893.028408}, "BNB": {"tvl": 6477492127.141845}}