{"BTC": {"tvl": 8579647059.600044}, "ETH": {"tvl": 92694409054.7759}, "SOL": {"tvl": 12404650969.134794}, "BNB": {"tvl": 7580628017.28682}}