{"BTC": {"tvl": 6666251622.666293}, "ETH": {"tvl": 71338407836.9781}, "SOL": {"tvl": 8946687379.462414}, "BNB": {"tvl": 6875664202.458159}}