{"BTC": {"tvl": 5817615611.02694}, "ETH": {"tvl": 61608357124.71717}, "SOL": {"tvl": 8582651803.620443}, "BNB": {"tvl": 6189195277.153761}}