{"BTC": {"tvl": 8384065790.584074}, "ETH": {"tvl": 90063127619.30533}, "SOL": {"tvl": 11930104833.931051}, "BNB": {"tvl": 8815047815.433659}}