{"BTC": {"tvl": 7763544232.36614}, "ETH": {"tvl": 91519545067.73643}, "SOL": {"tvl": 11287881526.071178}, "BNB": {"tvl": 7422267291.872128}}