{"BTC": {"tvl": 6642457608.562702}, "ETH": {"tvl": 69789659879.9624}, "SOL": {"tvl": 9350238890.672247}, "BNB": {"tvl": 7075850029.415698}}