{"BTC": {"tvl": 7102909516.219967}, "ETH": {"tvl": 74291206571.87146}, "SOL": {"tvl": 8930834066.138445}, "BNB": {"tvl": 6922611671.536117}}