{"BTC": {"tvl": 5162863216.995894}, "ETH": {"tvl": 55854288803.71068}, "SOL": {"tvl": 6522466712.102132}, "BNB": {"tvl": 5493250100.164935}}