{"BTC": {"tvl": 5191413068.611402}, "ETH": {"tvl": 44639912301.32818}, "SOL": {"tvl": 5985124480.106245}, "BNB": {"tvl": 5632450802.333286}}