{"BTC": {"tvl": 6676140260.461614}, "ETH": {"tvl": 69564567646.4538}, "SOL": {"tvl": 9137455671.708319}, "BNB": {"tvl": 7013751933.399837}}