{"BTC": {"tvl": 4180192598.484451}, "ETH": {"tvl": 40599711098.21936}, "SOL": {"tvl": 4806245256.204086}, "BNB": {"tvl": 4895886907.900746}}