{"BTC": {"tvl": 5004199883.963639}, "ETH": {"tvl": 42494627960.85796}, "SOL": {"tvl": 5446245683.308378}, "BNB": {"tvl": 5523521762.500158}}