{"BTC": {"tvl": 4500926240.652789}, "ETH": {"tvl": 52861621619.81314}, "SOL": {"tvl": 6361044384.877195}, "BNB": {"tvl": 5267402658.1433325}}