{"BTC": {"tvl": 6649845302.099218}, "ETH": {"tvl": 70673410626.02977}, "SOL": {"tvl": 9097348183.993681}, "BNB": {"tvl": 7058138610.36224}}