{"BTC": {"tvl": 6711457402.977585}, "ETH": {"tvl": 69256829186.16292}, "SOL": {"tvl": 9140693436.876173}, "BNB": {"tvl": 7047454336.118969}}