{"BTC": {"tvl": 4535390756.024189}, "ETH": {"tvl": 52869270763.944214}, "SOL": {"tvl": 5410939384.976448}, "BNB": {"tvl": 5275523565.838476}}