{"BTC": {"tvl": 7105265697.6255045}, "ETH": {"tvl": 72966108697.33597}, "SOL": {"tvl": 9461743408.658405}, "BNB": {"tvl": 7142358282.883998}}