{"BTC": {"tvl": 6527915166.826213}, "ETH": {"tvl": 70165386780.1351}, "SOL": {"tvl": 8784135558.65095}, "BNB": {"tvl": 6948798426.062633}}