{"BTC": {"tvl": 6906804025.005187}, "ETH": {"tvl": 69296573063.97192}, "SOL": {"tvl": 8433599367.688135}, "BNB": {"tvl": 6838189802.62614}}