{"BTC": {"tvl": 2928689634.9121656}, "ETH": {"tvl": 56413539217.91365}, "SOL": {"tvl": 6914219301.583912}, "BNB": {"tvl": 5793151971.317226}}