{"BTC": {"tvl": 7373129748.63135}, "ETH": {"tvl": 75328902436.01692}, "SOL": {"tvl": 9175272417.574547}, "BNB": {"tvl": 7204848814.412025}}