{"BTC": {"tvl": 8570488637.222576}, "ETH": {"tvl": 95553426722.03482}, "SOL": {"tvl": 13173537900.749228}, "BNB": {"tvl": 7676330722.498983}}