{"BTC": {"tvl": 5095710673.4328}, "ETH": {"tvl": 45147541625.66102}, "SOL": {"tvl": 5415324668.151868}, "BNB": {"tvl": 5451560042.473282}}