{"BTC": {"tvl": 4508552127.061423}, "ETH": {"tvl": 52946100772.58035}, "SOL": {"tvl": 6370320027.864769}, "BNB": {"tvl": 5279344973.320554}}