{"BTC": {"tvl": 4420482810.247587}, "ETH": {"tvl": 40032710063.84596}, "SOL": {"tvl": 5077717585.612762}, "BNB": {"tvl": 5389197430.871462}}