{"BTC": {"tvl": 5211108813.467152}, "ETH": {"tvl": 55893019866.258545}, "SOL": {"tvl": 6601130964.327799}, "BNB": {"tvl": 5756461267.463023}}