{"BTC": {"tvl": 6565865850.76643}, "ETH": {"tvl": 69917111290.8937}, "SOL": {"tvl": 8923838636.429697}, "BNB": {"tvl": 7008971526.22878}}