{"BTC": {"tvl": 8155074073.745437}, "ETH": {"tvl": 85817452854.201}, "SOL": {"tvl": 11325571507.709717}, "BNB": {"tvl": 8709675741.634174}}