{"BTC": {"tvl": 7861355565.81202}, "ETH": {"tvl": 91388641796.62819}, "SOL": {"tvl": 11266234404.951923}, "BNB": {"tvl": 7391916880.906801}}