{"BTC": {"tvl": 5238561516.067211}, "ETH": {"tvl": 55103955299.49682}, "SOL": {"tvl": 6482044018.928845}, "BNB": {"tvl": 5515020454.556533}}