{"BTC": {"tvl": 5148832694.383966}, "ETH": {"tvl": 45842061801.78596}, "SOL": {"tvl": 5494242613.449366}, "BNB": {"tvl": 5492359386.533778}}