{"BTC": {"tvl": 2963884377.0529466}, "ETH": {"tvl": 57080330879.966354}, "SOL": {"tvl": 6906683121.423548}, "BNB": {"tvl": 5845143407.300929}}