{"BTC": {"tvl": 7867478576.095194}, "ETH": {"tvl": 91593506360.1345}, "SOL": {"tvl": 11482844195.76569}, "BNB": {"tvl": 7456184175.579729}}