{"BTC": {"tvl": 8317311860.846268}, "ETH": {"tvl": 89092644108.76443}, "SOL": {"tvl": 11556333508.34168}, "BNB": {"tvl": 7849158213.922017}}