{"BTC": {"tvl": 6840203400.859548}, "ETH": {"tvl": 69472688550.36838}, "SOL": {"tvl": 8507780770.806579}, "BNB": {"tvl": 6533597208.999246}}