{"BTC": {"tvl": 9101934217.686806}, "ETH": {"tvl": 94982605718.0551}, "SOL": {"tvl": 12800117305.959484}, "BNB": {"tvl": 8618796952.164902}}