{"BTC": {"tvl": 2855134933.2387614}, "ETH": {"tvl": 55426479234.90725}, "SOL": {"tvl": 6733930476.905202}, "BNB": {"tvl": 5767285730.123011}}