{"BTC": {"tvl": 5111103192.654882}, "ETH": {"tvl": 55755142285.84702}, "SOL": {"tvl": 5980670810.798457}, "BNB": {"tvl": 5587205385.962376}}