{"BTC": {"tvl": 4309983195.564195}, "ETH": {"tvl": 41912217634.175934}, "SOL": {"tvl": 4991483534.688244}, "BNB": {"tvl": 4843001469.686173}}