{"BTC": {"tvl": 6692512755.467107}, "ETH": {"tvl": 68509921833.33151}, "SOL": {"tvl": 8503736963.4515505}, "BNB": {"tvl": 6580115636.063667}}