{"BTC": {"tvl": 5109154781.786736}, "ETH": {"tvl": 44942685213.01897}, "SOL": {"tvl": 5431652723.8022995}, "BNB": {"tvl": 5452146737.552124}}