{"BTC": {"tvl": 6670657705.554369}, "ETH": {"tvl": 71976480166.43323}, "SOL": {"tvl": 8988183440.48634}, "BNB": {"tvl": 7020510477.587148}}