{"BTC": {"tvl": 8317948863.0496025}, "ETH": {"tvl": 89825070900.65633}, "SOL": {"tvl": 11860667343.004543}, "BNB": {"tvl": 8786091681.9667}}