{"BTC": {"tvl": 3620731217.1614265}, "ETH": {"tvl": 39677536922.54166}, "SOL": {"tvl": 5086239415.613867}, "BNB": {"tvl": 4944546220.4202}}