{"BTC": {"tvl": 5126736407.206357}, "ETH": {"tvl": 45817932395.54674}, "SOL": {"tvl": 5598242391.720016}, "BNB": {"tvl": 5478114648.586095}}