{"BTC": {"tvl": 4243094364.703434}, "ETH": {"tvl": 37891709995.04193}, "SOL": {"tvl": 4769766353.925827}, "BNB": {"tvl": 5288547993.908752}}