{"BTC": {"tvl": 8417536876.206619}, "ETH": {"tvl": 87391526708.9086}, "SOL": {"tvl": 11398409973.049236}, "BNB": {"tvl": 7813560487.183508}}