{"BTC": {"tvl": 6818732741.579542}, "ETH": {"tvl": 68380505187.47966}, "SOL": {"tvl": 8436475109.167229}, "BNB": {"tvl": 6380437507.529521}}