{"BTC": {"tvl": 7560721606.809342}, "ETH": {"tvl": 77289759683.12344}, "SOL": {"tvl": 9995376615.478355}, "BNB": {"tvl": 7524298382.968838}}