{"BTC": {"tvl": 5459409626.330611}, "ETH": {"tvl": 58123836738.31944}, "SOL": {"tvl": 7054883315.913529}, "BNB": {"tvl": 5752694783.864195}}