{"BTC": {"tvl": 5417916405.535089}, "ETH": {"tvl": 46039088366.184525}, "SOL": {"tvl": 5618888228.632495}, "BNB": {"tvl": 5598475857.401935}}