{"BTC": {"tvl": 8167130078.369195}, "ETH": {"tvl": 86081170914.80565}, "SOL": {"tvl": 11398696919.351376}, "BNB": {"tvl": 8743435122.884005}}