{"BTC": {"tvl": 7862822057.41774}, "ETH": {"tvl": 90391306074.71587}, "SOL": {"tvl": 11416730778.501608}, "BNB": {"tvl": 7467589297.859266}}