{"BTC": {"tvl": 5103185978.081881}, "ETH": {"tvl": 55526016854.711395}, "SOL": {"tvl": 5985211109.680467}, "BNB": {"tvl": 5558083352.759654}}