{"BTC": {"tvl": 4858068813.526061}, "ETH": {"tvl": 54134343013.5211}, "SOL": {"tvl": 5723008357.315391}, "BNB": {"tvl": 5365482925.659246}}