{"BTC": {"tvl": 5279155718.146285}, "ETH": {"tvl": 56906862212.55504}, "SOL": {"tvl": 6502559512.177814}, "BNB": {"tvl": 5540328755.69178}}