{"BTC": {"tvl": 4635438508.091405}, "ETH": {"tvl": 52102951675.69372}, "SOL": {"tvl": 5473097649.842862}, "BNB": {"tvl": 5323252643.179239}}