{"BTC": {"tvl": 7857972958.2136}, "ETH": {"tvl": 83456751597.87024}, "SOL": {"tvl": 11033488536.780481}, "BNB": {"tvl": 8342244366.123301}}