{"BTC": {"tvl": 5071935784.169129}, "ETH": {"tvl": 44707473698.380745}, "SOL": {"tvl": 5454503382.804755}, "BNB": {"tvl": 5472040130.418414}}