{"BTC": {"tvl": 6848201515.996112}, "ETH": {"tvl": 68571554956.12253}, "SOL": {"tvl": 8378733337.858532}, "BNB": {"tvl": 6432934644.593947}}