{"BTC": {"tvl": 7859610833.002221}, "ETH": {"tvl": 92433918794.57104}, "SOL": {"tvl": 11417980855.737865}, "BNB": {"tvl": 7424666145.885523}}