{"BTC": {"tvl": 5259534725.512507}, "ETH": {"tvl": 44880906869.36028}, "SOL": {"tvl": 5810056299.231405}, "BNB": {"tvl": 5583505703.211984}}