{"BTC": {"tvl": 5092864630.566648}, "ETH": {"tvl": 54068190017.00642}, "SOL": {"tvl": 6571374090.847774}, "BNB": {"tvl": 5685331138.607673}}