{"BTC": {"tvl": 7097665906.843289}, "ETH": {"tvl": 70321329408.58817}, "SOL": {"tvl": 8825633781.450489}, "BNB": {"tvl": 6846564294.238358}}