{"BTC": {"tvl": 8635902016.62634}, "ETH": {"tvl": 95771172509.48637}, "SOL": {"tvl": 13091521653.146881}, "BNB": {"tvl": 7658666682.352443}}