{"BTC": {"tvl": 8190910292.238335}, "ETH": {"tvl": 81850582237.41698}, "SOL": {"tvl": 10737901571.593935}, "BNB": {"tvl": 8264236545.440289}}