{"BTC": {"tvl": 4179333257.8095484}, "ETH": {"tvl": 55670470891.97549}, "SOL": {"tvl": 6767302805.353977}, "BNB": {"tvl": 5490962793.343059}}