{"BTC": {"tvl": 8694744215.337917}, "ETH": {"tvl": 94976981997.71986}, "SOL": {"tvl": 12537506052.231915}, "BNB": {"tvl": 8165965417.106227}}