{"BTC": {"tvl": 7728148896.838278}, "ETH": {"tvl": 77083149510.52722}, "SOL": {"tvl": 10298570102.272902}, "BNB": {"tvl": 7743829409.583248}}