{"BTC": {"tvl": 6592369418.967947}, "ETH": {"tvl": 71590266845.63118}, "SOL": {"tvl": 8958051277.288721}, "BNB": {"tvl": 7083053165.945461}}