{"BTC": {"tvl": 6518607448.066591}, "ETH": {"tvl": 69910673364.65794}, "SOL": {"tvl": 8733574442.669474}, "BNB": {"tvl": 6758092013.582612}}