{"BTC": {"tvl": 5077099471.10131}, "ETH": {"tvl": 53816871828.14396}, "SOL": {"tvl": 6528117075.178622}, "BNB": {"tvl": 5684400689.168317}}