{"BTC": {"tvl": 7460901386.388813}, "ETH": {"tvl": 75533971579.12987}, "SOL": {"tvl": 10085918167.143578}, "BNB": {"tvl": 7563355622.295458}}