{"BTC": {"tvl": 7160670695.399564}, "ETH": {"tvl": 73784003987.52649}, "SOL": {"tvl": 8779420853.111296}, "BNB": {"tvl": 6982755571.146892}}