{"BTC": {"tvl": 7616444586.552234}, "ETH": {"tvl": 76017484732.73314}, "SOL": {"tvl": 10071698136.616014}, "BNB": {"tvl": 7637852063.59565}}