{"BTC": {"tvl": 4481539953.183092}, "ETH": {"tvl": 54727660484.12883}, "SOL": {"tvl": 6560544250.421359}, "BNB": {"tvl": 5590330048.735105}}