{"BTC": {"tvl": 4084458812.4349}, "ETH": {"tvl": 39846225373.38566}, "SOL": {"tvl": 5095959928.822253}, "BNB": {"tvl": 5007217216.531032}}