{"BTC": {"tvl": 5086763631.548558}, "ETH": {"tvl": 44896041983.33156}, "SOL": {"tvl": 5425651669.840661}, "BNB": {"tvl": 5467014764.655975}}