{"BTC": {"tvl": 5194402801.875631}, "ETH": {"tvl": 44238429656.54052}, "SOL": {"tvl": 6008757398.8879}, "BNB": {"tvl": 5561162737.949248}}