{"BTC": {"tvl": 6755817028.330341}, "ETH": {"tvl": 71609095537.20103}, "SOL": {"tvl": 9284443765.292826}, "BNB": {"tvl": 7161958354.892488}}