{"BTC": {"tvl": 6861957838.684545}, "ETH": {"tvl": 69664806374.91403}, "SOL": {"tvl": 9214994774.057377}, "BNB": {"tvl": 6641274883.276771}}