{"BTC": {"tvl": 4081503125.858558}, "ETH": {"tvl": 39715485472.562454}, "SOL": {"tvl": 5072953761.391928}, "BNB": {"tvl": 4971769511.225713}}