{"BTC": {"tvl": 4181741272.8262205}, "ETH": {"tvl": 38935252109.0085}, "SOL": {"tvl": 4850599403.646437}, "BNB": {"tvl": 5130266096.686133}}