{"BTC": {"tvl": 8679331079.1176}, "ETH": {"tvl": 94667362151.80174}, "SOL": {"tvl": 12508688545.48807}, "BNB": {"tvl": 8124079699.998831}}