{"BTC": {"tvl": 7076738805.17409}, "ETH": {"tvl": 72337453204.09085}, "SOL": {"tvl": 9480249236.868248}, "BNB": {"tvl": 7267728200.355075}}