{"BTC": {"tvl": 8070497991.939888}, "ETH": {"tvl": 93839706785.77441}, "SOL": {"tvl": 11406775288.394619}, "BNB": {"tvl": 7534729530.441816}}