{"BTC": {"tvl": 3561080217.7632527}, "ETH": {"tvl": 40460885988.797676}, "SOL": {"tvl": 4916386974.664753}, "BNB": {"tvl": 4963191858.307759}}