{"BTC": {"tvl": 4194110979.613358}, "ETH": {"tvl": 38539777778.9044}, "SOL": {"tvl": 4942428319.826362}, "BNB": {"tvl": 5212116302.965755}}