{"BTC": {"tvl": 5154217825.217059}, "ETH": {"tvl": 45572543926.144806}, "SOL": {"tvl": 5483566972.370536}, "BNB": {"tvl": 5517060512.232493}}