{"BTC": {"tvl": 6446201546.847345}, "ETH": {"tvl": 69851257649.10796}, "SOL": {"tvl": 8811682263.909851}, "BNB": {"tvl": 6926075504.12577}}