{"BTC": {"tvl": 4208330061.287183}, "ETH": {"tvl": 51608819390.314445}, "SOL": {"tvl": 6245909659.8051405}, "BNB": {"tvl": 5462832934.607599}}