{"BTC": {"tvl": 8326955800.856766}, "ETH": {"tvl": 88269883170.77971}, "SOL": {"tvl": 11712287646.645824}, "BNB": {"tvl": 8626128373.715628}}