{"BTC": {"tvl": 6992957101.477845}, "ETH": {"tvl": 72157424988.03668}, "SOL": {"tvl": 8991794828.249126}, "BNB": {"tvl": 6905267823.695131}}