{"BTC": {"tvl": 6764226479.88932}, "ETH": {"tvl": 70494007615.57948}, "SOL": {"tvl": 9418391263.261496}, "BNB": {"tvl": 7100136074.483878}}