{"BTC": {"tvl": 5217905676.372541}, "ETH": {"tvl": 56583662884.61562}, "SOL": {"tvl": 6530783935.118188}, "BNB": {"tvl": 5509666491.5333605}}