{"BTC": {"tvl": 4545230919.717636}, "ETH": {"tvl": 56354287206.37534}, "SOL": {"tvl": 6705475214.129059}, "BNB": {"tvl": 5899490684.997956}}