{"BTC": {"tvl": 5068041576.3703575}, "ETH": {"tvl": 43080765619.12867}, "SOL": {"tvl": 5489453588.007393}, "BNB": {"tvl": 5607442612.189706}}