{"BTC": {"tvl": 5300444115.111925}, "ETH": {"tvl": 45646782368.66676}, "SOL": {"tvl": 5786412540.251854}, "BNB": {"tvl": 5603515690.095641}}