{"BTC": {"tvl": 7868347313.0977}, "ETH": {"tvl": 84336299062.91415}, "SOL": {"tvl": 11041971038.287556}, "BNB": {"tvl": 8258814054.022226}}