{"BTC": {"tvl": 5518454002.187045}, "ETH": {"tvl": 57590446116.03776}, "SOL": {"tvl": 7274651795.697309}, "BNB": {"tvl": 5998665296.810936}}