{"BTC": {"tvl": 4524354373.914737}, "ETH": {"tvl": 53056368847.491974}, "SOL": {"tvl": 5391598405.362675}, "BNB": {"tvl": 5231019460.928655}}