{"BTC": {"tvl": 5216844692.987764}, "ETH": {"tvl": 45017775293.78309}, "SOL": {"tvl": 6060391587.7256}, "BNB": {"tvl": 5656382744.36}}