{"BTC": {"tvl": 6893083908.640881}, "ETH": {"tvl": 69003657872.29027}, "SOL": {"tvl": 8427344729.827413}, "BNB": {"tvl": 6411281074.240934}}