{"BTC": {"tvl": 7009969333.394074}, "ETH": {"tvl": 72995535164.8613}, "SOL": {"tvl": 8673704274.526524}, "BNB": {"tvl": 6858208341.089098}}