{"BTC": {"tvl": 4076117886.513447}, "ETH": {"tvl": 55785482201.09566}, "SOL": {"tvl": 6767397817.384087}, "BNB": {"tvl": 5479019483.356426}}