{"BTC": {"tvl": 7662070520.224997}, "ETH": {"tvl": 94739884115.55135}, "SOL": {"tvl": 10909223437.601244}, "BNB": {"tvl": 7250855812.649532}}