{"BTC": {"tvl": 5384829035.438736}, "ETH": {"tvl": 46093395294.320045}, "SOL": {"tvl": 5464541008.844683}, "BNB": {"tvl": 5556247638.458198}}