{"BTC": {"tvl": 6734893418.38145}, "ETH": {"tvl": 70330193927.68742}, "SOL": {"tvl": 9307067957.019964}, "BNB": {"tvl": 7183676095.721518}}