{"BTC": {"tvl": 4196508872.1507945}, "ETH": {"tvl": 38954265068.43818}, "SOL": {"tvl": 4832586485.401449}, "BNB": {"tvl": 5147559141.225195}}