{"BTC": {"tvl": 6947368930.08262}, "ETH": {"tvl": 71178896676.70345}, "SOL": {"tvl": 8862764429.367107}, "BNB": {"tvl": 6791843264.82182}}