{"BTC": {"tvl": 4817597157.802303}, "ETH": {"tvl": 54041286925.303474}, "SOL": {"tvl": 5690887663.022689}, "BNB": {"tvl": 5374267837.342732}}