{"BTC": {"tvl": 6742780452.509892}, "ETH": {"tvl": 67814546625.97638}, "SOL": {"tvl": 8348705835.350101}, "BNB": {"tvl": 6400812712.8089485}}