{"BTC": {"tvl": 6411994648.168576}, "ETH": {"tvl": 67662285708.011375}, "SOL": {"tvl": 9022614715.76536}, "BNB": {"tvl": 6874030647.24437}}