{"BTC": {"tvl": 5218240864.643037}, "ETH": {"tvl": 46208632671.13492}, "SOL": {"tvl": 5554041153.016169}, "BNB": {"tvl": 5531433645.547036}}