{"BTC": {"tvl": 7924105640.8340225}, "ETH": {"tvl": 82348139769.16328}, "SOL": {"tvl": 10852732952.595448}, "BNB": {"tvl": 8197605505.569117}}