{"BTC": {"tvl": 6614979981.132098}, "ETH": {"tvl": 69022819533.59192}, "SOL": {"tvl": 8959990011.825684}, "BNB": {"tvl": 7105569249.167933}}