{"BTC": {"tvl": 4382622592.040472}, "ETH": {"tvl": 53644716416.99602}, "SOL": {"tvl": 6602524371.793983}, "BNB": {"tvl": 5567114838.429274}}