{"BTC": {"tvl": 5149053317.191677}, "ETH": {"tvl": 56158519075.10271}, "SOL": {"tvl": 5912806728.313254}, "BNB": {"tvl": 5588362788.95669}}