{"BTC": {"tvl": 6223811339.288442}, "ETH": {"tvl": 64590120486.487816}, "SOL": {"tvl": 8775950883.071877}, "BNB": {"tvl": 6670073414.557596}}