{"BTC": {"tvl": 5247893916.980302}, "ETH": {"tvl": 45969693046.11358}, "SOL": {"tvl": 5561178972.838177}, "BNB": {"tvl": 5589334423.094664}}