{"BTC": {"tvl": 6944339577.656239}, "ETH": {"tvl": 69061219294.93533}, "SOL": {"tvl": 8377690539.682054}, "BNB": {"tvl": 6415557789.405768}}