{"BTC": {"tvl": 5233751887.87367}, "ETH": {"tvl": 46096278288.61544}, "SOL": {"tvl": 5445617833.797291}, "BNB": {"tvl": 5486830326.771793}}