{"BTC": {"tvl": 3961501397.34218}, "ETH": {"tvl": 37654412221.5538}, "SOL": {"tvl": 4808188538.697921}, "BNB": {"tvl": 4929494440.68112}}