{"BTC": {"tvl": 8120400235.398889}, "ETH": {"tvl": 92860451490.28528}, "SOL": {"tvl": 12367685914.865759}, "BNB": {"tvl": 7539484449.3482}}