{"BTC": {"tvl": 2905351464.2081738}, "ETH": {"tvl": 55989105772.47369}, "SOL": {"tvl": 6792385632.03287}, "BNB": {"tvl": 5784371590.420312}}