{"BTC": {"tvl": 5332958576.833918}, "ETH": {"tvl": 45674585355.886246}, "SOL": {"tvl": 6219872635.6523285}, "BNB": {"tvl": 5710355318.251565}}