{"BTC": {"tvl": 6980663481.348489}, "ETH": {"tvl": 70808704513.29262}, "SOL": {"tvl": 9396857891.058243}, "BNB": {"tvl": 7240081327.736904}}