{"BTC": {"tvl": 7946866977.372217}, "ETH": {"tvl": 84179585252.41293}, "SOL": {"tvl": 11060242266.454248}, "BNB": {"tvl": 8207869016.048028}}