{"BTC": {"tvl": 6645524315.616809}, "ETH": {"tvl": 69424345704.88928}, "SOL": {"tvl": 9161403770.500374}, "BNB": {"tvl": 7077828653.160059}}