{"BTC": {"tvl": 6675388287.978014}, "ETH": {"tvl": 72044740525.81227}, "SOL": {"tvl": 9014447419.227667}, "BNB": {"tvl": 6879052163.013367}}