{"BTC": {"tvl": 5066897724.005409}, "ETH": {"tvl": 46327668971.41706}, "SOL": {"tvl": 5567634444.77864}, "BNB": {"tvl": 5431480302.417235}}