{"BTC": {"tvl": 5270726614.02818}, "ETH": {"tvl": 46086727601.292496}, "SOL": {"tvl": 5611761507.565766}, "BNB": {"tvl": 5581321791.504253}}