{"BTC": {"tvl": 4242148423.8405924}, "ETH": {"tvl": 37802500042.55615}, "SOL": {"tvl": 4760258924.688216}, "BNB": {"tvl": 5286261986.0288725}}