{"BTC": {"tvl": 8427373303.50626}, "ETH": {"tvl": 88191459832.26334}, "SOL": {"tvl": 11275940383.595472}, "BNB": {"tvl": 9075294442.638273}}