{"BTC": {"tvl": 7639080914.427815}, "ETH": {"tvl": 92059500692.03583}, "SOL": {"tvl": 10733043363.262823}, "BNB": {"tvl": 7215188259.407961}}