{"BTC": {"tvl": 7816041193.722223}, "ETH": {"tvl": 90803919441.4173}, "SOL": {"tvl": 11408700285.362894}, "BNB": {"tvl": 7452320691.108749}}