{"BTC": {"tvl": 7909944633.273499}, "ETH": {"tvl": 90561690565.12758}, "SOL": {"tvl": 11456993897.045738}, "BNB": {"tvl": 7472175028.151036}}