{"BTC": {"tvl": 4469379549.258243}, "ETH": {"tvl": 54496533114.43233}, "SOL": {"tvl": 6566860999.089212}, "BNB": {"tvl": 5627992287.389301}}