{"BTC": {"tvl": 5219725147.90863}, "ETH": {"tvl": 45772507044.64871}, "SOL": {"tvl": 5421661670.760509}, "BNB": {"tvl": 5470699629.816436}}