{"BTC": {"tvl": 8159451009.855509}, "ETH": {"tvl": 86610723660.28355}, "SOL": {"tvl": 11598832881.399164}, "BNB": {"tvl": 8593510705.022877}}