{"BTC": {"tvl": 3470603335.455062}, "ETH": {"tvl": 38984765257.16223}, "SOL": {"tvl": 4940131818.812894}, "BNB": {"tvl": 4878625700.504438}}