{"BTC": {"tvl": 4027594627.9320164}, "ETH": {"tvl": 55097113292.69802}, "SOL": {"tvl": 6680548186.991245}, "BNB": {"tvl": 5419331335.03201}}