{"BTC": {"tvl": 7487873075.493727}, "ETH": {"tvl": 89491718846.83572}, "SOL": {"tvl": 10356974479.096264}, "BNB": {"tvl": 7100474461.272433}}