{"BTC": {"tvl": 7269051032.9280405}, "ETH": {"tvl": 74452157893.95876}, "SOL": {"tvl": 8964504355.840967}, "BNB": {"tvl": 6904532540.700055}}