{"BTC": {"tvl": 3568453858.652538}, "ETH": {"tvl": 40576977761.79586}, "SOL": {"tvl": 4939233779.699985}, "BNB": {"tvl": 4994741430.284133}}