{"BTC": {"tvl": 7413356069.450179}, "ETH": {"tvl": 74992221789.3688}, "SOL": {"tvl": 9104042241.328646}, "BNB": {"tvl": 7112174637.876102}}