{"BTC": {"tvl": 7178378127.6456585}, "ETH": {"tvl": 73394584877.15169}, "SOL": {"tvl": 8692177193.661785}, "BNB": {"tvl": 7032967145.004715}}