{"BTC": {"tvl": 8422335056.359445}, "ETH": {"tvl": 89351158811.45525}, "SOL": {"tvl": 11483237386.656565}, "BNB": {"tvl": 7870578923.826281}}