{"BTC": {"tvl": 2869687794.011794}, "ETH": {"tvl": 55685405211.08379}, "SOL": {"tvl": 6742806794.834469}, "BNB": {"tvl": 5770872084.097979}}