{"BTC": {"tvl": 7485751185.9978285}, "ETH": {"tvl": 75234264830.69064}, "SOL": {"tvl": 10003193576.74664}, "BNB": {"tvl": 7571322570.076635}}