{"BTC": {"tvl": 8282559827.794174}, "ETH": {"tvl": 86492213366.22287}, "SOL": {"tvl": 11216216451.761194}, "BNB": {"tvl": 7729616570.1083765}}