{"BTC": {"tvl": 8042272381.244396}, "ETH": {"tvl": 92246967304.09694}, "SOL": {"tvl": 11610629001.390047}, "BNB": {"tvl": 7447087333.718864}}