{"BTC": {"tvl": 6902422652.548419}, "ETH": {"tvl": 69078486771.25128}, "SOL": {"tvl": 8284999597.054452}, "BNB": {"tvl": 6800996337.055167}}