{"BTC": {"tvl": 4826149296.016012}, "ETH": {"tvl": 42104548793.75346}, "SOL": {"tvl": 5393898548.903646}, "BNB": {"tvl": 5735475116.86398}}