{"BTC": {"tvl": 6648431932.80635}, "ETH": {"tvl": 69559675921.41707}, "SOL": {"tvl": 9124369392.746778}, "BNB": {"tvl": 7014654069.482708}}