{"BTC": {"tvl": 3011332334.975519}, "ETH": {"tvl": 58046636400.80801}, "SOL": {"tvl": 7056146058.002684}, "BNB": {"tvl": 5901424082.609009}}