{"BTC": {"tvl": 7074833518.818517}, "ETH": {"tvl": 72751595772.05417}, "SOL": {"tvl": 8693100555.325348}, "BNB": {"tvl": 6749287074.193546}}