{"BTC": {"tvl": 5057672557.83472}, "ETH": {"tvl": 42852321638.820305}, "SOL": {"tvl": 5468345744.748145}, "BNB": {"tvl": 5593744997.993384}}