{"BTC": {"tvl": 2905819434.212986}, "ETH": {"tvl": 56255458643.01197}, "SOL": {"tvl": 6804781927.997826}, "BNB": {"tvl": 5769538188.759124}}