{"BTC": {"tvl": 7830260064.733953}, "ETH": {"tvl": 81184575153.97934}, "SOL": {"tvl": 10492815213.672813}, "BNB": {"tvl": 7921060627.110895}}