{"BTC": {"tvl": 4526780091.750944}, "ETH": {"tvl": 53155394258.75187}, "SOL": {"tvl": 6434509530.440007}, "BNB": {"tvl": 5294830759.61441}}