{"BTC": {"tvl": 5019470067.360732}, "ETH": {"tvl": 54642396723.11103}, "SOL": {"tvl": 6365466675.272966}, "BNB": {"tvl": 5318636953.113849}}