{"BTC": {"tvl": 8176297560.583076}, "ETH": {"tvl": 85657398376.94669}, "SOL": {"tvl": 11473407132.04409}, "BNB": {"tvl": 8500249675.703414}}