{"BTC": {"tvl": 5465698382.8678665}, "ETH": {"tvl": 46560119178.85525}, "SOL": {"tvl": 5600966399.863983}, "BNB": {"tvl": 5633274824.743098}}