{"BTC": {"tvl": 5305781242.155221}, "ETH": {"tvl": 45893851597.028786}, "SOL": {"tvl": 5864482416.19631}, "BNB": {"tvl": 5629933689.956439}}