{"BTC": {"tvl": 8158243486.479371}, "ETH": {"tvl": 86713178902.76466}, "SOL": {"tvl": 11300669932.869425}, "BNB": {"tvl": 8432396746.528929}}