{"BTC": {"tvl": 5042614653.362349}, "ETH": {"tvl": 44569655690.85814}, "SOL": {"tvl": 5385563567.257934}, "BNB": {"tvl": 5430596854.685204}}