{"BTC": {"tvl": 4525827475.798877}, "ETH": {"tvl": 52407345689.08531}, "SOL": {"tvl": 6035013450.98893}, "BNB": {"tvl": 5265694466.465663}}