{"BTC": {"tvl": 8138758310.70674}, "ETH": {"tvl": 85283053201.06447}, "SOL": {"tvl": 10763900014.406815}, "BNB": {"tvl": 7522277703.419682}}