{"BTC": {"tvl": 4531481781.589296}, "ETH": {"tvl": 52676862723.96813}, "SOL": {"tvl": 5445832684.244399}, "BNB": {"tvl": 5286186051.345655}}