{"BTC": {"tvl": 6854165609.840319}, "ETH": {"tvl": 69463596202.45724}, "SOL": {"tvl": 8546107417.163343}, "BNB": {"tvl": 6528810965.501732}}