{"BTC": {"tvl": 5120600952.5108}, "ETH": {"tvl": 53708239563.92659}, "SOL": {"tvl": 6349361812.138962}, "BNB": {"tvl": 5471723978.065853}}