{"BTC": {"tvl": 4026778999.988079}, "ETH": {"tvl": 36241061856.35152}, "SOL": {"tvl": 4716183021.475086}, "BNB": {"tvl": 5051224950.539434}}