{"BTC": {"tvl": 5638036808.762676}, "ETH": {"tvl": 58419333972.02025}, "SOL": {"tvl": 7777102424.017188}, "BNB": {"tvl": 5956705755.986995}}