{"BTC": {"tvl": 3834650913.2090144}, "ETH": {"tvl": 37069985242.35171}, "SOL": {"tvl": 4834973008.324519}, "BNB": {"tvl": 4827849091.681745}}