{"BTC": {"tvl": 8461377819.704114}, "ETH": {"tvl": 90170892443.368}, "SOL": {"tvl": 11834022276.083275}, "BNB": {"tvl": 9228099852.125504}}