{"BTC": {"tvl": 3618689729.709194}, "ETH": {"tvl": 39786003935.08721}, "SOL": {"tvl": 5094290606.787727}, "BNB": {"tvl": 4962062514.2401905}}