{"BTC": {"tvl": 7837505481.781147}, "ETH": {"tvl": 92629698269.76566}, "SOL": {"tvl": 11437226862.31777}, "BNB": {"tvl": 7415383726.757734}}