{"BTC": {"tvl": 7467340475.347551}, "ETH": {"tvl": 74640668493.79819}, "SOL": {"tvl": 9953010894.72873}, "BNB": {"tvl": 7546334234.377686}}