{"BTC": {"tvl": 5221864209.875988}, "ETH": {"tvl": 46190387192.649185}, "SOL": {"tvl": 5572120412.815227}, "BNB": {"tvl": 5524854054.209083}}