{"BTC": {"tvl": 7673975735.857981}, "ETH": {"tvl": 75825659228.53351}, "SOL": {"tvl": 10236084395.28814}, "BNB": {"tvl": 7690427337.9233265}}