{"BTC": {"tvl": 7012327226.051633}, "ETH": {"tvl": 72299250747.42154}, "SOL": {"tvl": 9447196246.308508}, "BNB": {"tvl": 6732726422.331978}}