{"BTC": {"tvl": 5207222597.4513645}, "ETH": {"tvl": 46270954251.21202}, "SOL": {"tvl": 5625892990.389543}, "BNB": {"tvl": 5525637424.845438}}