{"BTC": {"tvl": 7986436853.396054}, "ETH": {"tvl": 90766867608.27238}, "SOL": {"tvl": 11352443106.136992}, "BNB": {"tvl": 7397796219.169366}}