{"BTC": {"tvl": 5011927025.980069}, "ETH": {"tvl": 53974490260.345085}, "SOL": {"tvl": 6412015647.888215}, "BNB": {"tvl": 5596953081.023973}}