{"BTC": {"tvl": 5075672533.104611}, "ETH": {"tvl": 55948536125.4932}, "SOL": {"tvl": 5898969367.01143}, "BNB": {"tvl": 5560864245.192738}}