{"BTC": {"tvl": 5291432300.22632}, "ETH": {"tvl": 45586094099.53159}, "SOL": {"tvl": 5771586314.300968}, "BNB": {"tvl": 5594583006.736083}}