{"BTC": {"tvl": 5332719480.883627}, "ETH": {"tvl": 45611830042.538086}, "SOL": {"tvl": 5880521934.293747}, "BNB": {"tvl": 5643055354.728409}}