{"BTC": {"tvl": 7486695889.704018}, "ETH": {"tvl": 74932459391.61201}, "SOL": {"tvl": 10109433942.792767}, "BNB": {"tvl": 7736333534.391133}}