{"BTC": {"tvl": 7695912308.660258}, "ETH": {"tvl": 76589374963.27687}, "SOL": {"tvl": 10429418439.99048}, "BNB": {"tvl": 7793620775.8838}}