{"BTC": {"tvl": 5238878804.266651}, "ETH": {"tvl": 45195150375.4661}, "SOL": {"tvl": 5548436446.310128}, "BNB": {"tvl": 5598422782.104439}}