{"BTC": {"tvl": 3097610968.395431}, "ETH": {"tvl": 59762391973.13934}, "SOL": {"tvl": 7166612898.866585}, "BNB": {"tvl": 5920896868.8030405}}