{"BTC": {"tvl": 4549513423.011494}, "ETH": {"tvl": 54749013140.480644}, "SOL": {"tvl": 6705542280.213261}, "BNB": {"tvl": 5608224388.100363}}