{"BTC": {"tvl": 8129846322.64495}, "ETH": {"tvl": 87071108397.24231}, "SOL": {"tvl": 11825788541.57359}, "BNB": {"tvl": 8599104515.400944}}