{"BTC": {"tvl": 4097696649.1131315}, "ETH": {"tvl": 36767469721.92493}, "SOL": {"tvl": 4555304199.154497}, "BNB": {"tvl": 5170169919.740581}}