{"BTC": {"tvl": 7029163914.66221}, "ETH": {"tvl": 72483193046.8802}, "SOL": {"tvl": 8664281615.457756}, "BNB": {"tvl": 6960406301.570717}}