{"BTC": {"tvl": 6702696603.717752}, "ETH": {"tvl": 68532973685.603775}, "SOL": {"tvl": 8356550033.669349}, "BNB": {"tvl": 6516802922.936694}}