{"BTC": {"tvl": 6275754613.481586}, "ETH": {"tvl": 65104336039.63041}, "SOL": {"tvl": 8795666431.405375}, "BNB": {"tvl": 6730205463.518347}}