{"BTC": {"tvl": 5288151043.2720995}, "ETH": {"tvl": 56580660330.4265}, "SOL": {"tvl": 6664306403.287808}, "BNB": {"tvl": 5853756698.440444}}