{"BTC": {"tvl": 5037778090.871919}, "ETH": {"tvl": 54841667132.29854}, "SOL": {"tvl": 6369601109.396032}, "BNB": {"tvl": 5614561726.982085}}