{"BTC": {"tvl": 4091533267.153381}, "ETH": {"tvl": 39712712812.877594}, "SOL": {"tvl": 5137543112.677807}, "BNB": {"tvl": 4980576359.480182}}