{"BTC": {"tvl": 5204636861.210331}, "ETH": {"tvl": 45049082280.55317}, "SOL": {"tvl": 5530442998.844303}, "BNB": {"tvl": 5575930040.594548}}