{"BTC": {"tvl": 3957897967.7897673}, "ETH": {"tvl": 37684482923.79}, "SOL": {"tvl": 4818393833.365513}, "BNB": {"tvl": 4966102706.65477}}