{"BTC": {"tvl": 7777701336.680885}, "ETH": {"tvl": 77242557709.42476}, "SOL": {"tvl": 10435448920.246922}, "BNB": {"tvl": 7811405641.434904}}