{"BTC": {"tvl": 8564141326.86955}, "ETH": {"tvl": 95175514474.74619}, "SOL": {"tvl": 13069125033.168167}, "BNB": {"tvl": 7672808833.70844}}