{"BTC": {"tvl": 8104818444.176977}, "ETH": {"tvl": 97639163711.75932}, "SOL": {"tvl": 11426877986.348135}, "BNB": {"tvl": 7716861009.681025}}