{"BTC": {"tvl": 5114837297.58254}, "ETH": {"tvl": 51305238890.065346}, "SOL": {"tvl": 5807483231.4199095}, "BNB": {"tvl": 5501731969.833409}}