{"BTC": {"tvl": 7975691131.945684}, "ETH": {"tvl": 85082896904.95157}, "SOL": {"tvl": 11088610915.690315}, "BNB": {"tvl": 8351604346.216075}}