{"BTC": {"tvl": 5051088192.829294}, "ETH": {"tvl": 54762428244.62231}, "SOL": {"tvl": 6537675257.532627}, "BNB": {"tvl": 5749277725.585873}}