{"BTC": {"tvl": 4312829077.227298}, "ETH": {"tvl": 42105273268.38125}, "SOL": {"tvl": 4973230811.501351}, "BNB": {"tvl": 4942723648.309166}}