{"BTC": {"tvl": 6507342351.493087}, "ETH": {"tvl": 70334030478.52785}, "SOL": {"tvl": 8800754039.264467}, "BNB": {"tvl": 6872979599.956201}}