{"BTC": {"tvl": 4859039783.059827}, "ETH": {"tvl": 54829571552.86655}, "SOL": {"tvl": 5678552555.963599}, "BNB": {"tvl": 5464829943.982937}}