{"BTC": {"tvl": 7451115908.361699}, "ETH": {"tvl": 74105751444.41824}, "SOL": {"tvl": 9908896040.06887}, "BNB": {"tvl": 7703177604.56958}}