{"BTC": {"tvl": 3055827107.654806}, "ETH": {"tvl": 59193903509.43598}, "SOL": {"tvl": 7174615143.784441}, "BNB": {"tvl": 5947892430.94043}}