{"BTC": {"tvl": 8348829120.443584}, "ETH": {"tvl": 87941558125.54149}, "SOL": {"tvl": 11343209318.901608}, "BNB": {"tvl": 7794942923.86039}}