{"BTC": {"tvl": 6619801729.019398}, "ETH": {"tvl": 71008195501.67119}, "SOL": {"tvl": 8327575375.915794}, "BNB": {"tvl": 6833806276.711356}}