{"BTC": {"tvl": 4493330326.284076}, "ETH": {"tvl": 55817764034.555855}, "SOL": {"tvl": 6469929332.3962}, "BNB": {"tvl": 5632962177.048905}}