{"BTC": {"tvl": 7566873041.391378}, "ETH": {"tvl": 91309747296.61438}, "SOL": {"tvl": 10441524011.17689}, "BNB": {"tvl": 7082846615.399246}}