{"BTC": {"tvl": 4817962777.010346}, "ETH": {"tvl": 56472270619.91175}, "SOL": {"tvl": 6934354973.680692}, "BNB": {"tvl": 5719323458.839513}}