{"BTC": {"tvl": 6244611694.910795}, "ETH": {"tvl": 65844686383.13939}, "SOL": {"tvl": 8537543973.717857}, "BNB": {"tvl": 6639755835.500954}}