{"BTC": {"tvl": 5248389056.624909}, "ETH": {"tvl": 45953963033.4466}, "SOL": {"tvl": 5445676223.579651}, "BNB": {"tvl": 5489807592.154998}}