{"BTC": {"tvl": 6142399994.118476}, "ETH": {"tvl": 66258148651.24769}, "SOL": {"tvl": 9349891786.878132}, "BNB": {"tvl": 6478453640.902886}}