{"BTC": {"tvl": 4560533963.627395}, "ETH": {"tvl": 56477851184.62208}, "SOL": {"tvl": 6709876815.014798}, "BNB": {"tvl": 5912387941.211856}}