{"BTC": {"tvl": 6843341254.200979}, "ETH": {"tvl": 69445703799.28972}, "SOL": {"tvl": 8497687559.868182}, "BNB": {"tvl": 6536038349.512021}}