{"BTC": {"tvl": 8992352667.992134}, "ETH": {"tvl": 94512579787.26541}, "SOL": {"tvl": 12519548212.915627}, "BNB": {"tvl": 9276122951.22306}}