{"BTC": {"tvl": 5087057290.12105}, "ETH": {"tvl": 54495828204.94498}, "SOL": {"tvl": 6543718279.15411}, "BNB": {"tvl": 5765337937.247599}}