{"BTC": {"tvl": 4471042035.0146265}, "ETH": {"tvl": 53173976486.65896}, "SOL": {"tvl": 6672603710.902451}, "BNB": {"tvl": 5489902627.24225}}