{"BTC": {"tvl": 4360609837.7298975}, "ETH": {"tvl": 55710060834.23058}, "SOL": {"tvl": 6770001403.748383}, "BNB": {"tvl": 5515301373.282489}}