{"BTC": {"tvl": 4347869238.626389}, "ETH": {"tvl": 53263724269.081505}, "SOL": {"tvl": 6448599757.537363}, "BNB": {"tvl": 5568816679.050302}}