{"BTC": {"tvl": 5143120916.395899}, "ETH": {"tvl": 46434002925.7573}, "SOL": {"tvl": 5544181458.262917}, "BNB": {"tvl": 5473250268.050089}}