{"BTC": {"tvl": 4501165042.696279}, "ETH": {"tvl": 53016237014.71769}, "SOL": {"tvl": 6362662266.965718}, "BNB": {"tvl": 5278204824.986151}}