{"BTC": {"tvl": 5116259110.727221}, "ETH": {"tvl": 46281123365.22793}, "SOL": {"tvl": 5536244164.586476}, "BNB": {"tvl": 5449193782.638056}}