{"BTC": {"tvl": 5140263887.514191}, "ETH": {"tvl": 45679447653.76224}, "SOL": {"tvl": 5485333694.715701}, "BNB": {"tvl": 5500383589.6329155}}