{"BTC": {"tvl": 4671379266.3142395}, "ETH": {"tvl": 54030530879.52373}, "SOL": {"tvl": 5526283377.74588}, "BNB": {"tvl": 5368075638.251215}}