{"BTC": {"tvl": 4998433129.863217}, "ETH": {"tvl": 42637482195.33071}, "SOL": {"tvl": 5388885654.012464}, "BNB": {"tvl": 5564806815.507038}}