{"BTC": {"tvl": 6829625175.800181}, "ETH": {"tvl": 69304763479.80614}, "SOL": {"tvl": 8476314820.637251}, "BNB": {"tvl": 6488398219.915119}}