{"BTC": {"tvl": 6652896220.985744}, "ETH": {"tvl": 68341551323.871414}, "SOL": {"tvl": 8218462665.756017}, "BNB": {"tvl": 6538920636.248443}}