{"BTC": {"tvl": 7483137737.974031}, "ETH": {"tvl": 73609503750.91321}, "SOL": {"tvl": 9950411201.109114}, "BNB": {"tvl": 7543539520.86745}}