{"BTC": {"tvl": 2935663739.9951987}, "ETH": {"tvl": 56572176031.08004}, "SOL": {"tvl": 6891966118.054399}, "BNB": {"tvl": 5746347430.769051}}