{"BTC": {"tvl": 6828054425.759405}, "ETH": {"tvl": 68113736347.72212}, "SOL": {"tvl": 8295212593.014373}, "BNB": {"tvl": 6363359890.709043}}