{"BTC": {"tvl": 6265923053.791426}, "ETH": {"tvl": 65256816143.12694}, "SOL": {"tvl": 8809658012.565945}, "BNB": {"tvl": 6650888985.393765}}