{"BTC": {"tvl": 6524786868.665549}, "ETH": {"tvl": 70032458570.5517}, "SOL": {"tvl": 8712412333.087317}, "BNB": {"tvl": 6856717423.423315}}