{"BTC": {"tvl": 8807666779.417088}, "ETH": {"tvl": 90988653407.6812}, "SOL": {"tvl": 12378711384.529205}, "BNB": {"tvl": 9141040389.683758}}