{"BTC": {"tvl": 6773218235.761706}, "ETH": {"tvl": 69253946528.73691}, "SOL": {"tvl": 8100264792.86901}, "BNB": {"tvl": 6711329888.397866}}