{"BTC": {"tvl": 5266001844.18762}, "ETH": {"tvl": 46841293705.92354}, "SOL": {"tvl": 5680970660.201892}, "BNB": {"tvl": 5563284101.993268}}