{"BTC": {"tvl": 7269067784.348517}, "ETH": {"tvl": 74488096100.93024}, "SOL": {"tvl": 8974792320.511667}, "BNB": {"tvl": 6920748528.331023}}