{"BTC": {"tvl": 6998195185.367692}, "ETH": {"tvl": 71932693159.22766}, "SOL": {"tvl": 8592760674.205782}, "BNB": {"tvl": 6711758202.464846}}