{"BTC": {"tvl": 5357151497.964668}, "ETH": {"tvl": 57257149518.6101}, "SOL": {"tvl": 6936519838.590609}, "BNB": {"tvl": 5709959944.545056}}