{"BTC": {"tvl": 8490937875.269648}, "ETH": {"tvl": 90243848762.86511}, "SOL": {"tvl": 11640446655.461502}, "BNB": {"tvl": 9149526518.18201}}