{"BTC": {"tvl": 5056407447.012164}, "ETH": {"tvl": 56149684651.52395}, "SOL": {"tvl": 5884102529.656115}, "BNB": {"tvl": 5457099034.033889}}