{"BTC": {"tvl": 5845484607.135694}, "ETH": {"tvl": 59586589262.94292}, "SOL": {"tvl": 7454167087.29312}, "BNB": {"tvl": 6156871288.720291}}