{"BTC": {"tvl": 4324285464.5167675}, "ETH": {"tvl": 52764921759.045815}, "SOL": {"tvl": 6403172172.278122}, "BNB": {"tvl": 5452926437.350812}}