{"BTC": {"tvl": 6941706640.891289}, "ETH": {"tvl": 69995519792.86287}, "SOL": {"tvl": 8557408385.199364}, "BNB": {"tvl": 6813272765.244422}}