{"BTC": {"tvl": 5132102664.356962}, "ETH": {"tvl": 43268129608.77145}, "SOL": {"tvl": 6098204013.88615}, "BNB": {"tvl": 5537249900.108334}}