{"BTC": {"tvl": 4973286826.135308}, "ETH": {"tvl": 53716550046.5368}, "SOL": {"tvl": 6379504091.852655}, "BNB": {"tvl": 5581222112.25888}}