{"BTC": {"tvl": 4398007353.270602}, "ETH": {"tvl": 55014291570.64442}, "SOL": {"tvl": 6585689358.508294}, "BNB": {"tvl": 5836411866.751}}