{"BTC": {"tvl": 4214983643.7540736}, "ETH": {"tvl": 55765496973.94712}, "SOL": {"tvl": 6787885126.349749}, "BNB": {"tvl": 5514776768.955447}}