{"BTC": {"tvl": 4669147897.633374}, "ETH": {"tvl": 41866811548.228065}, "SOL": {"tvl": 5281579179.58222}, "BNB": {"tvl": 5618358521.276498}}