{"BTC": {"tvl": 4384560682.737559}, "ETH": {"tvl": 54761583148.98068}, "SOL": {"tvl": 6528304157.877061}, "BNB": {"tvl": 5785097238.840276}}