{"BTC": {"tvl": 6602385578.173577}, "ETH": {"tvl": 70757001915.35919}, "SOL": {"tvl": 8317848612.67989}, "BNB": {"tvl": 6818591009.535369}}