{"BTC": {"tvl": 8780017141.929707}, "ETH": {"tvl": 93848384844.39792}, "SOL": {"tvl": 12576421989.216658}, "BNB": {"tvl": 8147526040.393517}}