{"BTC": {"tvl": 6825334475.60084}, "ETH": {"tvl": 69327777117.78108}, "SOL": {"tvl": 8530703911.989943}, "BNB": {"tvl": 6499036192.767909}}