{"BTC": {"tvl": 4938920644.257656}, "ETH": {"tvl": 42584861111.414024}, "SOL": {"tvl": 5351351480.446913}, "BNB": {"tvl": 5546169863.278862}}