{"BTC": {"tvl": 8090386351.0858755}, "ETH": {"tvl": 85526767630.9755}, "SOL": {"tvl": 11265573590.48477}, "BNB": {"tvl": 8366578246.570603}}