{"BTC": {"tvl": 2828610602.6478534}, "ETH": {"tvl": 54485081129.20155}, "SOL": {"tvl": 6666095433.078921}, "BNB": {"tvl": 5390272273.867494}}