{"BTC": {"tvl": 8492728712.814624}, "ETH": {"tvl": 88091268542.8126}, "SOL": {"tvl": 11339672886.455002}, "BNB": {"tvl": 7885406575.587952}}