{"BTC": {"tvl": 4210953949.177847}, "ETH": {"tvl": 37828555393.32494}, "SOL": {"tvl": 4719274166.311003}, "BNB": {"tvl": 5238043654.198777}}