{"BTC": {"tvl": 8289558773.2039585}, "ETH": {"tvl": 83720318395.82457}, "SOL": {"tvl": 10773424046.586872}, "BNB": {"tvl": 8356915938.185159}}