{"BTC": {"tvl": 8781742323.67578}, "ETH": {"tvl": 94207456024.53995}, "SOL": {"tvl": 12577875996.293474}, "BNB": {"tvl": 8202560133.918175}}