{"BTC": {"tvl": 8501745508.04692}, "ETH": {"tvl": 92708143281.59386}, "SOL": {"tvl": 12522443831.092138}, "BNB": {"tvl": 7524234586.290167}}