{"BTC": {"tvl": 4591925113.952356}, "ETH": {"tvl": 54077846638.84813}, "SOL": {"tvl": 6307241308.864155}, "BNB": {"tvl": 5395965691.575661}}