{"BTC": {"tvl": 6990997435.851512}, "ETH": {"tvl": 71695346112.50867}, "SOL": {"tvl": 8866475370.193556}, "BNB": {"tvl": 6868034714.911023}}