{"BTC": {"tvl": 5873093625.604848}, "ETH": {"tvl": 60695546745.862854}, "SOL": {"tvl": 8080513706.456428}, "BNB": {"tvl": 6202372950.865409}}