{"BTC": {"tvl": 4108990053.9899406}, "ETH": {"tvl": 38339400462.986084}, "SOL": {"tvl": 4724437618.682847}, "BNB": {"tvl": 5047580505.025264}}