{"BTC": {"tvl": 3828616828.4661446}, "ETH": {"tvl": 37029390592.10898}, "SOL": {"tvl": 4825229472.22083}, "BNB": {"tvl": 4816457606.349647}}