{"BTC": {"tvl": 4204689611.275127}, "ETH": {"tvl": 37615311488.29097}, "SOL": {"tvl": 4636301035.408763}, "BNB": {"tvl": 5245701382.663719}}