{"BTC": {"tvl": 5111503429.732426}, "ETH": {"tvl": 54735466397.344536}, "SOL": {"tvl": 6555671535.57973}, "BNB": {"tvl": 5775675995.888129}}