{"BTC": {"tvl": 5305961787.362087}, "ETH": {"tvl": 45288167879.98203}, "SOL": {"tvl": 5581904518.26146}, "BNB": {"tvl": 5533264950.14267}}