{"BTC": {"tvl": 4163053491.6920214}, "ETH": {"tvl": 38998409975.93655}, "SOL": {"tvl": 4855132015.991979}, "BNB": {"tvl": 5189887840.835851}}