{"BTC": {"tvl": 3550708161.708819}, "ETH": {"tvl": 40315191057.54227}, "SOL": {"tvl": 4945699747.053647}, "BNB": {"tvl": 4938383021.153218}}