{"BTC": {"tvl": 5205309835.362267}, "ETH": {"tvl": 44966727085.966866}, "SOL": {"tvl": 6045931601.19327}, "BNB": {"tvl": 5655320655.720295}}