{"BTC": {"tvl": 7456542062.601797}, "ETH": {"tvl": 74216740606.54219}, "SOL": {"tvl": 9978834170.972332}, "BNB": {"tvl": 7687290459.375059}}