{"BTC": {"tvl": 7870969251.999785}, "ETH": {"tvl": 90203340954.0198}, "SOL": {"tvl": 11399761589.564192}, "BNB": {"tvl": 7425905306.545182}}