{"BTC": {"tvl": 4984461684.927434}, "ETH": {"tvl": 42325575403.32966}, "SOL": {"tvl": 5447586454.314026}, "BNB": {"tvl": 5509232371.881764}}