{"BTC": {"tvl": 6868130081.035321}, "ETH": {"tvl": 68786104511.63576}, "SOL": {"tvl": 8235117496.514943}, "BNB": {"tvl": 6809446881.279449}}