{"BTC": {"tvl": 3549546348.039987}, "ETH": {"tvl": 40142209869.96069}, "SOL": {"tvl": 4873001324.698929}, "BNB": {"tvl": 4932856807.678484}}