{"BTC": {"tvl": 8403406384.479848}, "ETH": {"tvl": 87943597003.755}, "SOL": {"tvl": 11198529198.167006}, "BNB": {"tvl": 7860099792.461868}}