{"BTC": {"tvl": 6804318661.543205}, "ETH": {"tvl": 68338482246.7245}, "SOL": {"tvl": 8374220760.569725}, "BNB": {"tvl": 6395185046.044689}}