{"BTC": {"tvl": 8591227801.014854}, "ETH": {"tvl": 96489271280.18292}, "SOL": {"tvl": 13406831423.161335}, "BNB": {"tvl": 7723791808.729192}}