{"BTC": {"tvl": 6947920621.267247}, "ETH": {"tvl": 71775168168.58939}, "SOL": {"tvl": 8796910135.693052}, "BNB": {"tvl": 6818778795.328342}}