{"BTC": {"tvl": 3931899397.645915}, "ETH": {"tvl": 37433465537.43545}, "SOL": {"tvl": 4882393013.439295}, "BNB": {"tvl": 4835129804.619553}}