{"BTC": {"tvl": 4372189301.444969}, "ETH": {"tvl": 58726110742.70461}, "SOL": {"tvl": 6304601435.403345}, "BNB": {"tvl": 5562034431.362297}}