{"BTC": {"tvl": 5100424513.538017}, "ETH": {"tvl": 54360719307.99615}, "SOL": {"tvl": 6541294918.635277}, "BNB": {"tvl": 5756864201.594427}}