{"BTC": {"tvl": 6238867762.366264}, "ETH": {"tvl": 65170657171.933136}, "SOL": {"tvl": 8788292672.419382}, "BNB": {"tvl": 6682073471.17045}}