{"BTC": {"tvl": 7963644771.659172}, "ETH": {"tvl": 91490461088.20653}, "SOL": {"tvl": 11656674708.89202}, "BNB": {"tvl": 7416303432.89247}}