{"BTC": {"tvl": 6818092122.297188}, "ETH": {"tvl": 69546688432.14618}, "SOL": {"tvl": 8247214371.843994}, "BNB": {"tvl": 6759142074.782471}}