{"BTC": {"tvl": 3048561142.3719525}, "ETH": {"tvl": 59087081853.03927}, "SOL": {"tvl": 7175152586.297888}, "BNB": {"tvl": 5937063197.141303}}