{"BTC": {"tvl": 2951779860.183301}, "ETH": {"tvl": 56911950528.01985}, "SOL": {"tvl": 6918404482.284345}, "BNB": {"tvl": 5821688496.398772}}