{"BTC": {"tvl": 8312632648.2169895}, "ETH": {"tvl": 89136758195.60411}, "SOL": {"tvl": 11485372935.171543}, "BNB": {"tvl": 7828780788.805837}}