{"BTC": {"tvl": 6986564134.771072}, "ETH": {"tvl": 71806757415.3979}, "SOL": {"tvl": 8567913574.84457}, "BNB": {"tvl": 6708673126.120897}}