{"BTC": {"tvl": 8592311417.439468}, "ETH": {"tvl": 96322166154.95488}, "SOL": {"tvl": 13390415596.67049}, "BNB": {"tvl": 7750951331.7176285}}