{"BTC": {"tvl": 4812172655.935953}, "ETH": {"tvl": 54060484715.452385}, "SOL": {"tvl": 5694401055.363571}, "BNB": {"tvl": 5376591348.174823}}