{"BTC": {"tvl": 6664898937.072674}, "ETH": {"tvl": 71146533797.72899}, "SOL": {"tvl": 9207386218.733892}, "BNB": {"tvl": 7100584537.021204}}