{"BTC": {"tvl": 4341225096.571566}, "ETH": {"tvl": 41978056438.16236}, "SOL": {"tvl": 4977975992.3229265}, "BNB": {"tvl": 4949323864.616548}}