{"BTC": {"tvl": 8671129888.476091}, "ETH": {"tvl": 93484185209.30823}, "SOL": {"tvl": 12571691821.633886}, "BNB": {"tvl": 7681459213.718515}}