{"BTC": {"tvl": 6938522789.608083}, "ETH": {"tvl": 71556723312.68968}, "SOL": {"tvl": 8835625359.933731}, "BNB": {"tvl": 6844592057.034331}}