{"BTC": {"tvl": 8913175177.916286}, "ETH": {"tvl": 95168299928.09163}, "SOL": {"tvl": 12493240982.248531}, "BNB": {"tvl": 9150354240.997732}}