{"BTC": {"tvl": 8108410402.279809}, "ETH": {"tvl": 85848347397.42296}, "SOL": {"tvl": 11192505159.850328}, "BNB": {"tvl": 8373288603.38177}}