{"BTC": {"tvl": 5411302866.963433}, "ETH": {"tvl": 45818863994.35641}, "SOL": {"tvl": 5599011447.215643}, "BNB": {"tvl": 5559578383.71876}}