{"BTC": {"tvl": 4646154622.320442}, "ETH": {"tvl": 54643767120.31843}, "SOL": {"tvl": 6360725099.210243}, "BNB": {"tvl": 5421489941.846776}}