{"BTC": {"tvl": 6728617415.796506}, "ETH": {"tvl": 69977904729.51514}, "SOL": {"tvl": 9287068316.232975}, "BNB": {"tvl": 7134739985.604854}}