{"BTC": {"tvl": 4846261474.667532}, "ETH": {"tvl": 41855366628.21164}, "SOL": {"tvl": 5227605429.747335}, "BNB": {"tvl": 5440923261.032983}}