{"BTC": {"tvl": 7797201367.1774435}, "ETH": {"tvl": 77488769907.68573}, "SOL": {"tvl": 10431843901.151857}, "BNB": {"tvl": 7855928325.485697}}