{"BTC": {"tvl": 6952297538.640082}, "ETH": {"tvl": 71220313142.46619}, "SOL": {"tvl": 8576603495.991529}, "BNB": {"tvl": 6697980812.804774}}