{"BTC": {"tvl": 6762578017.542609}, "ETH": {"tvl": 68379554262.558945}, "SOL": {"tvl": 8351818301.535372}, "BNB": {"tvl": 6360022877.045167}}