{"BTC": {"tvl": 5211914841.917984}, "ETH": {"tvl": 55884055478.734505}, "SOL": {"tvl": 6600149408.423918}, "BNB": {"tvl": 5772180256.753606}}