{"BTC": {"tvl": 4220389549.310769}, "ETH": {"tvl": 37675162574.180954}, "SOL": {"tvl": 4674379333.549478}, "BNB": {"tvl": 5270079906.923396}}