{"BTC": {"tvl": 4504544868.208804}, "ETH": {"tvl": 52785705284.955154}, "SOL": {"tvl": 6338934838.255134}, "BNB": {"tvl": 5264997732.093355}}