{"BTC": {"tvl": 8481881588.773163}, "ETH": {"tvl": 88641308331.23311}, "SOL": {"tvl": 11324423793.65866}, "BNB": {"tvl": 9111103196.470675}}