{"BTC": {"tvl": 4395234146.026768}, "ETH": {"tvl": 53826337486.06103}, "SOL": {"tvl": 6623399079.070535}, "BNB": {"tvl": 5574493364.234897}}