{"BTC": {"tvl": 8034351123.41988}, "ETH": {"tvl": 85149165875.63281}, "SOL": {"tvl": 11350913884.529783}, "BNB": {"tvl": 8343011387.629026}}