{"BTC": {"tvl": 9071460803.60855}, "ETH": {"tvl": 98029898776.69887}, "SOL": {"tvl": 12856830975.080746}, "BNB": {"tvl": 9012188764.841509}}