{"BTC": {"tvl": 4466485145.064071}, "ETH": {"tvl": 55780520545.924965}, "SOL": {"tvl": 6644759333.033727}, "BNB": {"tvl": 5842125910.384769}}