{"BTC": {"tvl": 8133282546.087883}, "ETH": {"tvl": 85656696168.33122}, "SOL": {"tvl": 10994036651.339403}, "BNB": {"tvl": 7629059007.91019}}