{"BTC": {"tvl": 5328767071.302929}, "ETH": {"tvl": 45584908315.87606}, "SOL": {"tvl": 6099405624.216513}, "BNB": {"tvl": 5711322881.654514}}