{"BTC": {"tvl": 6915111740.074076}, "ETH": {"tvl": 69220719193.55081}, "SOL": {"tvl": 8465861013.101679}, "BNB": {"tvl": 6812986816.615092}}