{"BTC": {"tvl": 6742280306.259176}, "ETH": {"tvl": 68814158949.08005}, "SOL": {"tvl": 8718628003.049053}, "BNB": {"tvl": 6641640533.429742}}