{"BTC": {"tvl": 4375214233.25532}, "ETH": {"tvl": 53196684261.194084}, "SOL": {"tvl": 6476514402.776976}, "BNB": {"tvl": 5501905359.178043}}