{"BTC": {"tvl": 6543868127.818601}, "ETH": {"tvl": 69682748103.105}, "SOL": {"tvl": 8813634502.334108}, "BNB": {"tvl": 6967688128.364451}}