{"BTC": {"tvl": 4496001506.201616}, "ETH": {"tvl": 52764788697.24822}, "SOL": {"tvl": 5419314926.184865}, "BNB": {"tvl": 5263395405.208764}}