{"BTC": {"tvl": 3068113203.304264}, "ETH": {"tvl": 59700904217.73908}, "SOL": {"tvl": 7144132612.309651}, "BNB": {"tvl": 5887743224.8697605}}