{"BTC": {"tvl": 5151843873.138924}, "ETH": {"tvl": 55074075643.297935}, "SOL": {"tvl": 6653212576.358569}, "BNB": {"tvl": 5833363478.332296}}