{"BTC": {"tvl": 5228801204.886481}, "ETH": {"tvl": 46236110121.82375}, "SOL": {"tvl": 5605838473.321902}, "BNB": {"tvl": 5544344100.090326}}