{"BTC": {"tvl": 7872426222.228549}, "ETH": {"tvl": 90768747245.1669}, "SOL": {"tvl": 11465056664.495966}, "BNB": {"tvl": 7427045007.485804}}