{"BTC": {"tvl": 3551925028.2616525}, "ETH": {"tvl": 40252125147.78687}, "SOL": {"tvl": 4872922575.719264}, "BNB": {"tvl": 4961251739.362231}}