{"BTC": {"tvl": 5122584594.994935}, "ETH": {"tvl": 43161387623.15103}, "SOL": {"tvl": 5503527284.582106}, "BNB": {"tvl": 5652143965.098151}}