{"BTC": {"tvl": 4501967128.341893}, "ETH": {"tvl": 53550291712.604805}, "SOL": {"tvl": 6661882845.060161}, "BNB": {"tvl": 5460796412.296241}}