{"BTC": {"tvl": 4766139276.961472}, "ETH": {"tvl": 56131829808.277534}, "SOL": {"tvl": 6889509892.834342}, "BNB": {"tvl": 5969865616.507632}}