{"BTC": {"tvl": 2907330014.309933}, "ETH": {"tvl": 56672099655.18156}, "SOL": {"tvl": 6945547362.191272}, "BNB": {"tvl": 5788465735.826942}}