{"BTC": {"tvl": 6999308351.391774}, "ETH": {"tvl": 72083250775.87817}, "SOL": {"tvl": 8957591096.678823}, "BNB": {"tvl": 6892513453.399804}}