{"BTC": {"tvl": 8119843338.768807}, "ETH": {"tvl": 84078625632.7332}, "SOL": {"tvl": 10676370282.30432}, "BNB": {"tvl": 7473364122.925186}}