{"BTC": {"tvl": 8178255113.783646}, "ETH": {"tvl": 85753794631.57454}, "SOL": {"tvl": 11469778402.355991}, "BNB": {"tvl": 8525308888.791892}}