{"BTC": {"tvl": 5029669552.768586}, "ETH": {"tvl": 46260958373.81622}, "SOL": {"tvl": 5578034098.450293}, "BNB": {"tvl": 5427070035.495557}}