{"BTC": {"tvl": 8211323526.375222}, "ETH": {"tvl": 83854301878.11327}, "SOL": {"tvl": 10683791846.064709}, "BNB": {"tvl": 8417174705.99673}}