{"BTC": {"tvl": 7101637665.017839}, "ETH": {"tvl": 70246119038.59048}, "SOL": {"tvl": 8822739994.301146}, "BNB": {"tvl": 6841010900.380943}}