{"BTC": {"tvl": 6808661163.813479}, "ETH": {"tvl": 68095605006.088524}, "SOL": {"tvl": 8391073798.800637}, "BNB": {"tvl": 6469397679.621582}}