{"BTC": {"tvl": 8282388098.276838}, "ETH": {"tvl": 83726304289.0799}, "SOL": {"tvl": 10761964620.242834}, "BNB": {"tvl": 8343165098.450683}}