{"BTC": {"tvl": 3567977806.8384356}, "ETH": {"tvl": 39524443214.150444}, "SOL": {"tvl": 4973945915.86095}, "BNB": {"tvl": 4934162055.499387}}