{"BTC": {"tvl": 2930794138.3693027}, "ETH": {"tvl": 56489830846.756226}, "SOL": {"tvl": 6918779606.769314}, "BNB": {"tvl": 5793961347.023815}}