{"BTC": {"tvl": 6302648281.45554}, "ETH": {"tvl": 66687435705.33494}, "SOL": {"tvl": 8973637602.476091}, "BNB": {"tvl": 6810712796.688675}}