{"BTC": {"tvl": 7067538825.409264}, "ETH": {"tvl": 73098153703.60426}, "SOL": {"tvl": 9467402298.582306}, "BNB": {"tvl": 7298277252.054115}}