{"BTC": {"tvl": 6616189025.453068}, "ETH": {"tvl": 69445203676.42676}, "SOL": {"tvl": 9231722931.992762}, "BNB": {"tvl": 7091257079.515671}}