{"BTC": {"tvl": 7566203503.123749}, "ETH": {"tvl": 92360017287.102}, "SOL": {"tvl": 10634265932.958447}, "BNB": {"tvl": 7209801424.987207}}