{"BTC": {"tvl": 4921251981.1172905}, "ETH": {"tvl": 41811087326.33602}, "SOL": {"tvl": 5397325197.589043}, "BNB": {"tvl": 5460165445.168059}}