{"BTC": {"tvl": 4151674928.4019346}, "ETH": {"tvl": 40628701125.43901}, "SOL": {"tvl": 4828216386.112954}, "BNB": {"tvl": 4902022507.588966}}