{"BTC": {"tvl": 8477758736.6877365}, "ETH": {"tvl": 90201539324.21074}, "SOL": {"tvl": 12015683987.436253}, "BNB": {"tvl": 7893636270.824536}}