{"BTC": {"tvl": 6958821395.630676}, "ETH": {"tvl": 71303864878.65437}, "SOL": {"tvl": 8927962006.18578}, "BNB": {"tvl": 6800286527.403273}}