{"BTC": {"tvl": 4052344378.897546}, "ETH": {"tvl": 36582670692.59167}, "SOL": {"tvl": 4721708144.542926}, "BNB": {"tvl": 5089264161.939881}}