{"BTC": {"tvl": 7504342806.029341}, "ETH": {"tvl": 74974641654.43013}, "SOL": {"tvl": 10035905358.888449}, "BNB": {"tvl": 7570832682.047965}}