{"BTC": {"tvl": 7025933679.705152}, "ETH": {"tvl": 70439447071.64536}, "SOL": {"tvl": 8831588815.558483}, "BNB": {"tvl": 6871470688.340524}}