{"BTC": {"tvl": 5042979106.626026}, "ETH": {"tvl": 54170920573.002754}, "SOL": {"tvl": 6504909988.906961}, "BNB": {"tvl": 5637177031.576448}}