{"BTC": {"tvl": 4983826187.325464}, "ETH": {"tvl": 42307131596.9149}, "SOL": {"tvl": 5419993549.62349}, "BNB": {"tvl": 5491068249.230397}}