{"BTC": {"tvl": 7859342760.517299}, "ETH": {"tvl": 83973788591.90395}, "SOL": {"tvl": 11025663794.36831}, "BNB": {"tvl": 8288895950.343005}}