{"BTC": {"tvl": 6736778007.077162}, "ETH": {"tvl": 67582934172.47974}, "SOL": {"tvl": 8251077075.186709}, "BNB": {"tvl": 6596749928.360135}}