{"BTC": {"tvl": 5220924560.631089}, "ETH": {"tvl": 46136461608.80799}, "SOL": {"tvl": 5422337761.744032}, "BNB": {"tvl": 5470299733.52676}}