{"BTC": {"tvl": 3549140372.7073245}, "ETH": {"tvl": 39407163740.13546}, "SOL": {"tvl": 4985353405.66724}, "BNB": {"tvl": 4930295696.312792}}