{"BTC": {"tvl": 4891163903.097591}, "ETH": {"tvl": 42252398964.73974}, "SOL": {"tvl": 5281033504.225657}, "BNB": {"tvl": 5505182476.0972395}}