{"BTC": {"tvl": 4559752770.428129}, "ETH": {"tvl": 55910118424.88313}, "SOL": {"tvl": 6778656005.6156025}, "BNB": {"tvl": 5512815446.722737}}