{"BTC": {"tvl": 3962658513.5384827}, "ETH": {"tvl": 37539216947.670044}, "SOL": {"tvl": 4932381377.585767}, "BNB": {"tvl": 4857849490.503967}}