{"BTC": {"tvl": 4412943846.140389}, "ETH": {"tvl": 54328051139.15516}, "SOL": {"tvl": 6609557252.442608}, "BNB": {"tvl": 5872084990.030509}}