{"BTC": {"tvl": 3965918621.6152363}, "ETH": {"tvl": 37706156100.63133}, "SOL": {"tvl": 4827007298.113318}, "BNB": {"tvl": 4976484764.553752}}