{"BTC": {"tvl": 8684133784.508284}, "ETH": {"tvl": 95021445741.64493}, "SOL": {"tvl": 12555918486.256958}, "BNB": {"tvl": 8152907466.541524}}