{"BTC": {"tvl": 4402239421.1351795}, "ETH": {"tvl": 53924325394.70956}, "SOL": {"tvl": 6632281605.177051}, "BNB": {"tvl": 5595520867.243679}}