{"BTC": {"tvl": 7934137881.336762}, "ETH": {"tvl": 82610605195.67776}, "SOL": {"tvl": 10782137917.523754}, "BNB": {"tvl": 8222982134.888584}}