{"BTC": {"tvl": 9070126203.930965}, "ETH": {"tvl": 94917470055.87776}, "SOL": {"tvl": 12726518364.542353}, "BNB": {"tvl": 8599134268.292543}}