{"BTC": {"tvl": 3517117652.716326}, "ETH": {"tvl": 39669577546.351814}, "SOL": {"tvl": 5093068789.652235}, "BNB": {"tvl": 4967562183.943449}}