{"BTC": {"tvl": 5332291159.972495}, "ETH": {"tvl": 57192998664.210266}, "SOL": {"tvl": 6517424790.837625}, "BNB": {"tvl": 5569768830.80774}}