{"BTC": {"tvl": 4810854732.457819}, "ETH": {"tvl": 42473655664.90744}, "SOL": {"tvl": 5278917572.258014}, "BNB": {"tvl": 5452735262.789538}}