{"BTC": {"tvl": 4832008978.674097}, "ETH": {"tvl": 42299460651.33301}, "SOL": {"tvl": 5391957142.523114}, "BNB": {"tvl": 5789945522.673784}}