{"BTC": {"tvl": 4204074388.1920457}, "ETH": {"tvl": 55877225257.595726}, "SOL": {"tvl": 6804303849.296432}, "BNB": {"tvl": 5517625229.911431}}