{"BTC": {"tvl": 5036157234.25792}, "ETH": {"tvl": 55649280680.675934}, "SOL": {"tvl": 5791087996.764592}, "BNB": {"tvl": 5442112056.6153965}}