{"BTC": {"tvl": 6299310379.319961}, "ETH": {"tvl": 65613287493.6799}, "SOL": {"tvl": 8796675776.936592}, "BNB": {"tvl": 6710059147.221107}}