{"BTC": {"tvl": 7418504169.652066}, "ETH": {"tvl": 89254092969.64366}, "SOL": {"tvl": 10787399219.937113}, "BNB": {"tvl": 7635322878.266323}}