{"BTC": {"tvl": 8144627667.036911}, "ETH": {"tvl": 86255524804.88324}, "SOL": {"tvl": 11293259604.529427}, "BNB": {"tvl": 8437450324.677734}}