{"BTC": {"tvl": 8567792867.249919}, "ETH": {"tvl": 93937766075.30244}, "SOL": {"tvl": 12748846400.592714}, "BNB": {"tvl": 7586554713.920376}}