{"BTC": {"tvl": 5342361702.109796}, "ETH": {"tvl": 45898488586.51108}, "SOL": {"tvl": 5821990737.935983}, "BNB": {"tvl": 5630662517.696676}}