{"BTC": {"tvl": 7443586818.880347}, "ETH": {"tvl": 72851132463.70488}, "SOL": {"tvl": 9826143072.085892}, "BNB": {"tvl": 7527796685.619379}}