{"BTC": {"tvl": 3586159729.1316867}, "ETH": {"tvl": 39901312118.46729}, "SOL": {"tvl": 4811021739.874252}, "BNB": {"tvl": 4897393860.42286}}