{"BTC": {"tvl": 5380322516.122049}, "ETH": {"tvl": 45844611624.09402}, "SOL": {"tvl": 5927581087.506525}, "BNB": {"tvl": 5648946321.817681}}