{"BTC": {"tvl": 5191323494.812971}, "ETH": {"tvl": 44787688152.822105}, "SOL": {"tvl": 5541213490.662665}, "BNB": {"tvl": 5560003797.633881}}