{"BTC": {"tvl": 8054696861.983844}, "ETH": {"tvl": 92956959429.86578}, "SOL": {"tvl": 11750958368.402496}, "BNB": {"tvl": 7663984936.787624}}