{"BTC": {"tvl": 4549759412.1075325}, "ETH": {"tvl": 52937620563.45424}, "SOL": {"tvl": 5498763930.57565}, "BNB": {"tvl": 5298630844.681141}}