{"BTC": {"tvl": 4886610616.606551}, "ETH": {"tvl": 53611350923.06635}, "SOL": {"tvl": 6208295524.715492}, "BNB": {"tvl": 5288626293.097797}}