{"BTC": {"tvl": 7062265474.633005}, "ETH": {"tvl": 72055157890.47229}, "SOL": {"tvl": 8538971525.8023405}, "BNB": {"tvl": 6935586734.491931}}