{"BTC": {"tvl": 4684700117.703587}, "ETH": {"tvl": 54216166750.88335}, "SOL": {"tvl": 5549946782.5315075}, "BNB": {"tvl": 5355564472.249183}}