{"BTC": {"tvl": 4113011845.19573}, "ETH": {"tvl": 38018374695.26988}, "SOL": {"tvl": 4741703393.11311}, "BNB": {"tvl": 5052727884.782913}}