{"BTC": {"tvl": 7392611224.829013}, "ETH": {"tvl": 74885956638.50809}, "SOL": {"tvl": 9132487871.595718}, "BNB": {"tvl": 7103099413.9248705}}