{"BTC": {"tvl": 5010199340.837695}, "ETH": {"tvl": 54345096250.51846}, "SOL": {"tvl": 6463318670.964524}, "BNB": {"tvl": 5645919811.881343}}