{"BTC": {"tvl": 6801695594.365651}, "ETH": {"tvl": 70102348709.0859}, "SOL": {"tvl": 9241416101.716059}, "BNB": {"tvl": 7120496497.069907}}