{"BTC": {"tvl": 7823490316.945089}, "ETH": {"tvl": 81667650500.53154}, "SOL": {"tvl": 10587132250.102179}, "BNB": {"tvl": 7956484836.381965}}