{"BTC": {"tvl": 4132481308.7397237}, "ETH": {"tvl": 40380089850.72186}, "SOL": {"tvl": 4807844930.701862}, "BNB": {"tvl": 4874060860.93387}}