{"BTC": {"tvl": 7579661846.79775}, "ETH": {"tvl": 74161575782.85402}, "SOL": {"tvl": 10018161532.151554}, "BNB": {"tvl": 7540716754.77009}}