{"BTC": {"tvl": 7397315962.042378}, "ETH": {"tvl": 74884356004.14081}, "SOL": {"tvl": 9161465642.84864}, "BNB": {"tvl": 7109493884.886825}}