{"BTC": {"tvl": 6836895264.915103}, "ETH": {"tvl": 70407805189.08386}, "SOL": {"tvl": 9357041550.560225}, "BNB": {"tvl": 7164024805.835476}}