{"BTC": {"tvl": 5122619917.316749}, "ETH": {"tvl": 46155392652.612946}, "SOL": {"tvl": 5551600010.497015}, "BNB": {"tvl": 5481660315.450225}}