{"BTC": {"tvl": 6262460400.461194}, "ETH": {"tvl": 65846157801.84605}, "SOL": {"tvl": 8532881318.152622}, "BNB": {"tvl": 6580467987.061641}}