{"BTC": {"tvl": 4702767382.336906}, "ETH": {"tvl": 52959968460.671844}, "SOL": {"tvl": 5520084172.97996}, "BNB": {"tvl": 5364161031.710346}}