{"BTC": {"tvl": 5178967823.516479}, "ETH": {"tvl": 45370223873.86891}, "SOL": {"tvl": 5571495645.661109}, "BNB": {"tvl": 5579893169.236172}}