{"BTC": {"tvl": 4421561283.243089}, "ETH": {"tvl": 55263214041.48101}, "SOL": {"tvl": 6594184032.949323}, "BNB": {"tvl": 5859668133.863187}}