{"BTC": {"tvl": 3945742210.627386}, "ETH": {"tvl": 37452174099.70828}, "SOL": {"tvl": 4822277253.679392}, "BNB": {"tvl": 4969019417.007044}}