{"BTC": {"tvl": 8796072058.341944}, "ETH": {"tvl": 94702891854.3362}, "SOL": {"tvl": 12568232949.566206}, "BNB": {"tvl": 7882679496.750387}}