{"BTC": {"tvl": 6761547210.762664}, "ETH": {"tvl": 67484551582.59909}, "SOL": {"tvl": 8519648266.66012}, "BNB": {"tvl": 6506487304.314043}}