{"BTC": {"tvl": 4971171192.354685}, "ETH": {"tvl": 54563361406.48441}, "SOL": {"tvl": 5818330755.894219}, "BNB": {"tvl": 5426219316.915319}}