{"BTC": {"tvl": 7333623793.233963}, "ETH": {"tvl": 74413392614.28915}, "SOL": {"tvl": 9549748827.931932}, "BNB": {"tvl": 7282771547.484461}}