{"BTC": {"tvl": 4549672672.774961}, "ETH": {"tvl": 54466077243.52096}, "SOL": {"tvl": 6708197104.64887}, "BNB": {"tvl": 5485711677.819649}}