{"BTC": {"tvl": 5100556254.886957}, "ETH": {"tvl": 43144273518.8223}, "SOL": {"tvl": 5611835400.818664}, "BNB": {"tvl": 5573066952.015124}}