{"BTC": {"tvl": 5238702453.524886}, "ETH": {"tvl": 44667322968.29153}, "SOL": {"tvl": 5956756287.629177}, "BNB": {"tvl": 5603591762.166214}}