{"BTC": {"tvl": 5288939722.058056}, "ETH": {"tvl": 46230289999.31194}, "SOL": {"tvl": 5604904352.372846}, "BNB": {"tvl": 5602102205.683685}}