{"BTC": {"tvl": 8049211253.4673605}, "ETH": {"tvl": 86308878624.99254}, "SOL": {"tvl": 11540770155.297985}, "BNB": {"tvl": 8628373608.016445}}