{"BTC": {"tvl": 6326266362.48088}, "ETH": {"tvl": 65377332207.255196}, "SOL": {"tvl": 8801314088.322826}, "BNB": {"tvl": 7383484841.7220335}}