{"BTC": {"tvl": 4899098073.435732}, "ETH": {"tvl": 53854926861.08135}, "SOL": {"tvl": 5717712659.195626}, "BNB": {"tvl": 5382687216.106681}}