{"BTC": {"tvl": 5419851983.453158}, "ETH": {"tvl": 46189144579.91219}, "SOL": {"tvl": 5539930347.55354}, "BNB": {"tvl": 5586194854.811807}}