{"BTC": {"tvl": 8076680291.913014}, "ETH": {"tvl": 85446818674.49539}, "SOL": {"tvl": 11236624832.726255}, "BNB": {"tvl": 8370348876.190587}}