{"BTC": {"tvl": 4337406082.785066}, "ETH": {"tvl": 54687647645.37473}, "SOL": {"tvl": 6526154816.879097}, "BNB": {"tvl": 5759866187.881461}}