{"BTC": {"tvl": 2911108565.1953835}, "ETH": {"tvl": 56245092376.50941}, "SOL": {"tvl": 6925276185.665466}, "BNB": {"tvl": 5728780863.100106}}