{"BTC": {"tvl": 6847554128.215898}, "ETH": {"tvl": 68343929122.21395}, "SOL": {"tvl": 8453328829.856918}, "BNB": {"tvl": 6393179818.752394}}