{"BTC": {"tvl": 6694073084.852729}, "ETH": {"tvl": 67338589211.26951}, "SOL": {"tvl": 8532322582.864446}, "BNB": {"tvl": 6526600588.689109}}