{"BTC": {"tvl": 6680752801.508409}, "ETH": {"tvl": 68193434754.79717}, "SOL": {"tvl": 8086985038.247916}, "BNB": {"tvl": 6668913875.146984}}