{"BTC": {"tvl": 7263736210.2758875}, "ETH": {"tvl": 73721473328.90556}, "SOL": {"tvl": 9499398867.849283}, "BNB": {"tvl": 7239350541.283093}}