{"BTC": {"tvl": 5103199490.079058}, "ETH": {"tvl": 43043623380.628944}, "SOL": {"tvl": 5495722593.333015}, "BNB": {"tvl": 5659877549.627965}}