{"BTC": {"tvl": 5282589126.564927}, "ETH": {"tvl": 45679615672.976135}, "SOL": {"tvl": 5753848483.391779}, "BNB": {"tvl": 5615420207.772035}}