{"BTC": {"tvl": 3960321932.5311894}, "ETH": {"tvl": 35792240269.21355}, "SOL": {"tvl": 4677486327.655574}, "BNB": {"tvl": 5020034942.116849}}