{"BTC": {"tvl": 4501425598.66582}, "ETH": {"tvl": 52877241299.58489}, "SOL": {"tvl": 6309445130.331542}, "BNB": {"tvl": 5280904201.041415}}