{"BTC": {"tvl": 8252036485.278045}, "ETH": {"tvl": 88227788571.82385}, "SOL": {"tvl": 11830403174.580656}, "BNB": {"tvl": 8701958513.150728}}