{"BTC": {"tvl": 2955673254.908096}, "ETH": {"tvl": 57143350222.046455}, "SOL": {"tvl": 6921192333.796646}, "BNB": {"tvl": 5822709081.740973}}