{"BTC": {"tvl": 4516730318.411456}, "ETH": {"tvl": 52969015904.944466}, "SOL": {"tvl": 6355786068.891343}, "BNB": {"tvl": 5280091782.582444}}