{"BTC": {"tvl": 6518359213.735427}, "ETH": {"tvl": 69623563307.9648}, "SOL": {"tvl": 9340197639.832403}, "BNB": {"tvl": 6803503933.072218}}