{"BTC": {"tvl": 6835855051.295321}, "ETH": {"tvl": 69380299535.25163}, "SOL": {"tvl": 8515700682.733622}, "BNB": {"tvl": 6536495667.3807}}