{"BTC": {"tvl": 8253110626.325133}, "ETH": {"tvl": 85714174861.97752}, "SOL": {"tvl": 10675164409.55731}, "BNB": {"tvl": 8811023472.429466}}