{"BTC": {"tvl": 4145401894.359121}, "ETH": {"tvl": 40217688683.53937}, "SOL": {"tvl": 5139161069.915473}, "BNB": {"tvl": 4988957966.179307}}