{"BTC": {"tvl": 7129446289.971016}, "ETH": {"tvl": 72887268280.99664}, "SOL": {"tvl": 8747292373.606739}, "BNB": {"tvl": 6818289612.8617735}}