{"BTC": {"tvl": 7945778286.050307}, "ETH": {"tvl": 89735715647.66179}, "SOL": {"tvl": 11446844849.268837}, "BNB": {"tvl": 7417415310.097978}}