{"BTC": {"tvl": 5160094236.576443}, "ETH": {"tvl": 45213000737.654915}, "SOL": {"tvl": 5442494840.725905}, "BNB": {"tvl": 5463481737.848838}}