{"BTC": {"tvl": 7150722882.88023}, "ETH": {"tvl": 73468602941.28836}, "SOL": {"tvl": 8727824637.253616}, "BNB": {"tvl": 7019264375.997208}}