{"BTC": {"tvl": 6665462617.867707}, "ETH": {"tvl": 69524396426.93254}, "SOL": {"tvl": 9223084433.511606}, "BNB": {"tvl": 7061800353.389225}}