{"BTC": {"tvl": 7664678621.053851}, "ETH": {"tvl": 92453847464.32632}, "SOL": {"tvl": 10785139684.93613}, "BNB": {"tvl": 7243462003.896085}}