{"BTC": {"tvl": 2936782994.631988}, "ETH": {"tvl": 55655019601.62833}, "SOL": {"tvl": 6753657110.632414}, "BNB": {"tvl": 5415189157.578787}}