{"BTC": {"tvl": 5189259454.143398}, "ETH": {"tvl": 45393715067.355865}, "SOL": {"tvl": 5566909979.437521}, "BNB": {"tvl": 5581744867.994588}}