{"BTC": {"tvl": 5221069511.839016}, "ETH": {"tvl": 56003394656.237465}, "SOL": {"tvl": 6553816652.006217}, "BNB": {"tvl": 5742742001.331833}}