{"BTC": {"tvl": 6700062391.572011}, "ETH": {"tvl": 72629624506.50447}, "SOL": {"tvl": 8985534462.512545}, "BNB": {"tvl": 7016435868.495793}}