{"BTC": {"tvl": 4203749523.5984693}, "ETH": {"tvl": 51652507565.299805}, "SOL": {"tvl": 6240167653.198123}, "BNB": {"tvl": 5494203638.964454}}