{"BTC": {"tvl": 4525418335.115666}, "ETH": {"tvl": 55670633174.377045}, "SOL": {"tvl": 6722034539.442973}, "BNB": {"tvl": 5931666669.151723}}