{"BTC": {"tvl": 3951040548.50728}, "ETH": {"tvl": 37556239855.7812}, "SOL": {"tvl": 4779058088.119949}, "BNB": {"tvl": 4946237428.799238}}