{"BTC": {"tvl": 8435897401.954141}, "ETH": {"tvl": 87648980833.56953}, "SOL": {"tvl": 11352011077.865976}, "BNB": {"tvl": 7801820742.319835}}