{"BTC": {"tvl": 5011284688.571604}, "ETH": {"tvl": 54645059224.53466}, "SOL": {"tvl": 6354741776.426513}, "BNB": {"tvl": 5365528322.894142}}