{"BTC": {"tvl": 2973214753.171118}, "ETH": {"tvl": 57158734945.74585}, "SOL": {"tvl": 6989394899.710327}, "BNB": {"tvl": 5846886365.547456}}