{"BTC": {"tvl": 4532843620.20455}, "ETH": {"tvl": 52833151318.56081}, "SOL": {"tvl": 5446620603.876669}, "BNB": {"tvl": 5356281851.256851}}