{"BTC": {"tvl": 8616849226.1169}, "ETH": {"tvl": 93567199451.43027}, "SOL": {"tvl": 12401507502.77517}, "BNB": {"tvl": 8068653626.7329445}}