{"BTC": {"tvl": 8053066030.191333}, "ETH": {"tvl": 85029834284.74068}, "SOL": {"tvl": 11374039846.835535}, "BNB": {"tvl": 8448369832.316183}}