{"BTC": {"tvl": 5030109681.022605}, "ETH": {"tvl": 54126131760.286}, "SOL": {"tvl": 6460480220.843987}, "BNB": {"tvl": 5617830167.011221}}