{"BTC": {"tvl": 7433272611.084139}, "ETH": {"tvl": 75447468579.7665}, "SOL": {"tvl": 9164268452.557474}, "BNB": {"tvl": 7131771903.281455}}