{"BTC": {"tvl": 7240156558.309594}, "ETH": {"tvl": 73510192580.28407}, "SOL": {"tvl": 8759111340.299547}, "BNB": {"tvl": 6886249755.050261}}