{"BTC": {"tvl": 6202193146.04944}, "ETH": {"tvl": 64332957500.612885}, "SOL": {"tvl": 8727482875.535345}, "BNB": {"tvl": 6623213266.842442}}