{"BTC": {"tvl": 5320125919.658355}, "ETH": {"tvl": 45224211540.84287}, "SOL": {"tvl": 6097127283.773212}, "BNB": {"tvl": 5691695322.068619}}