{"BTC": {"tvl": 3862499604.9038587}, "ETH": {"tvl": 36775819941.51226}, "SOL": {"tvl": 4785542534.109625}, "BNB": {"tvl": 4802118201.782195}}