{"BTC": {"tvl": 4803092453.237766}, "ETH": {"tvl": 53499909869.238594}, "SOL": {"tvl": 5709378185.058975}, "BNB": {"tvl": 5372940228.558177}}