{"BTC": {"tvl": 6658154782.265186}, "ETH": {"tvl": 66837885090.20146}, "SOL": {"tvl": 8488447221.390724}, "BNB": {"tvl": 6499492772.595119}}