{"BTC": {"tvl": 7587216574.22267}, "ETH": {"tvl": 75429685464.06168}, "SOL": {"tvl": 9941986897.22296}, "BNB": {"tvl": 7501488065.236541}}