{"BTC": {"tvl": 8888805681.27204}, "ETH": {"tvl": 92733489553.87575}, "SOL": {"tvl": 12382507526.119553}, "BNB": {"tvl": 9171250268.957817}}