{"BTC": {"tvl": 7852595245.782164}, "ETH": {"tvl": 84160994174.16423}, "SOL": {"tvl": 10976111361.043114}, "BNB": {"tvl": 8225226732.235579}}