{"BTC": {"tvl": 4962375468.930372}, "ETH": {"tvl": 54255873636.33373}, "SOL": {"tvl": 6485229805.517282}, "BNB": {"tvl": 5437438942.81971}}