{"BTC": {"tvl": 5251299588.737545}, "ETH": {"tvl": 45952484387.582146}, "SOL": {"tvl": 5432668149.8654995}, "BNB": {"tvl": 5487679556.389501}}