{"BTC": {"tvl": 6799733663.438785}, "ETH": {"tvl": 68206079874.59497}, "SOL": {"tvl": 8277561256.705255}, "BNB": {"tvl": 6608898052.780142}}