{"BTC": {"tvl": 6844096684.06343}, "ETH": {"tvl": 69447429431.92612}, "SOL": {"tvl": 8493519617.127612}, "BNB": {"tvl": 6532250424.015544}}