{"BTC": {"tvl": 7553715399.01283}, "ETH": {"tvl": 90962232669.9637}, "SOL": {"tvl": 10497669568.930243}, "BNB": {"tvl": 7162304554.023961}}