{"BTC": {"tvl": 8369808571.82934}, "ETH": {"tvl": 90004534017.65613}, "SOL": {"tvl": 11955393625.314981}, "BNB": {"tvl": 7824832561.549543}}