{"BTC": {"tvl": 5277771487.568519}, "ETH": {"tvl": 45611529656.74578}, "SOL": {"tvl": 5792974082.341761}, "BNB": {"tvl": 5612259912.898252}}