{"BTC": {"tvl": 6553709978.831489}, "ETH": {"tvl": 70426886956.57356}, "SOL": {"tvl": 8803905279.193094}, "BNB": {"tvl": 7015870237.92908}}