{"BTC": {"tvl": 5063143934.680412}, "ETH": {"tvl": 55610313739.00171}, "SOL": {"tvl": 6011557068.257052}, "BNB": {"tvl": 5580702787.851778}}