{"BTC": {"tvl": 5016680312.590021}, "ETH": {"tvl": 42625390727.80167}, "SOL": {"tvl": 5395467130.714811}, "BNB": {"tvl": 5574027663.807175}}