{"BTC": {"tvl": 6728973090.233102}, "ETH": {"tvl": 68836283709.92842}, "SOL": {"tvl": 8451621191.1810055}, "BNB": {"tvl": 6525566946.169712}}