{"BTC": {"tvl": 6868496030.905011}, "ETH": {"tvl": 68765860720.99213}, "SOL": {"tvl": 8489372668.73602}, "BNB": {"tvl": 6437805867.328664}}