{"BTC": {"tvl": 3918915651.2213297}, "ETH": {"tvl": 37005989518.43305}, "SOL": {"tvl": 4611879162.624453}, "BNB": {"tvl": 4928253975.22294}}