{"BTC": {"tvl": 6859486121.916232}, "ETH": {"tvl": 68278242752.18402}, "SOL": {"tvl": 8391431957.12424}, "BNB": {"tvl": 6475502416.677723}}