{"BTC": {"tvl": 9086113646.156769}, "ETH": {"tvl": 94558200201.86018}, "SOL": {"tvl": 12651482775.34615}, "BNB": {"tvl": 8585295500.241193}}