{"BTC": {"tvl": 8127194384.4323845}, "ETH": {"tvl": 85394610589.18813}, "SOL": {"tvl": 10762692122.940853}, "BNB": {"tvl": 7540648381.681691}}