{"BTC": {"tvl": 6928551133.225665}, "ETH": {"tvl": 72226511373.00833}, "SOL": {"tvl": 8792926765.06137}, "BNB": {"tvl": 6735287951.649641}}