{"BTC": {"tvl": 4237490102.81482}, "ETH": {"tvl": 38930378351.24929}, "SOL": {"tvl": 4886609835.831402}, "BNB": {"tvl": 5200827856.241098}}