{"BTC": {"tvl": 7090684880.967274}, "ETH": {"tvl": 72580727794.09181}, "SOL": {"tvl": 8738606036.063665}, "BNB": {"tvl": 6777010954.247876}}