{"BTC": {"tvl": 7878887581.097257}, "ETH": {"tvl": 91477579098.01138}, "SOL": {"tvl": 11409628742.042185}, "BNB": {"tvl": 7462942727.344615}}