{"BTC": {"tvl": 7920542087.753297}, "ETH": {"tvl": 84467579941.78969}, "SOL": {"tvl": 11090466497.865454}, "BNB": {"tvl": 8299453971.900635}}