{"BTC": {"tvl": 5078850137.851129}, "ETH": {"tvl": 55173677009.36759}, "SOL": {"tvl": 6582042997.813068}, "BNB": {"tvl": 5765688977.926448}}