{"BTC": {"tvl": 4382502699.830853}, "ETH": {"tvl": 39542926086.94219}, "SOL": {"tvl": 4964389097.480538}, "BNB": {"tvl": 5331033411.17605}}