{"BTC": {"tvl": 4220407508.6115527}, "ETH": {"tvl": 56195240815.62859}, "SOL": {"tvl": 6826420783.030246}, "BNB": {"tvl": 5537841210.780037}}