{"BTC": {"tvl": 4751025465.75704}, "ETH": {"tvl": 56135572109.73197}, "SOL": {"tvl": 6859826997.819383}, "BNB": {"tvl": 5995914129.02364}}