{"BTC": {"tvl": 5257271374.675016}, "ETH": {"tvl": 56245306142.76172}, "SOL": {"tvl": 6697097290.733142}, "BNB": {"tvl": 5867044917.153906}}