{"BTC": {"tvl": 3603614112.1612062}, "ETH": {"tvl": 40106681099.79334}, "SOL": {"tvl": 4805949831.771007}, "BNB": {"tvl": 4896561701.074544}}