{"BTC": {"tvl": 4499642824.286103}, "ETH": {"tvl": 53391190307.72538}, "SOL": {"tvl": 6704092423.082647}, "BNB": {"tvl": 5499493665.310827}}