{"BTC": {"tvl": 7926278730.252272}, "ETH": {"tvl": 91997212547.25159}, "SOL": {"tvl": 11566838813.245438}, "BNB": {"tvl": 7421240296.102006}}