{"BTC": {"tvl": 6599369088.163722}, "ETH": {"tvl": 69267327953.27002}, "SOL": {"tvl": 8200207170.96961}, "BNB": {"tvl": 6758345947.800946}}