{"BTC": {"tvl": 3840022923.570492}, "ETH": {"tvl": 36733938044.60021}, "SOL": {"tvl": 4825875864.210344}, "BNB": {"tvl": 4776702418.57531}}