{"BTC": {"tvl": 7820128833.572539}, "ETH": {"tvl": 77944711228.16064}, "SOL": {"tvl": 10532314448.64139}, "BNB": {"tvl": 7853648436.670976}}