{"BTC": {"tvl": 8483579511.916358}, "ETH": {"tvl": 91258544456.5546}, "SOL": {"tvl": 12137293429.285187}, "BNB": {"tvl": 7909630452.550911}}