{"BTC": {"tvl": 7641954085.835776}, "ETH": {"tvl": 94214964969.4346}, "SOL": {"tvl": 10764655213.187685}, "BNB": {"tvl": 7192403747.359309}}