{"BTC": {"tvl": 8940646935.47866}, "ETH": {"tvl": 96869412080.80312}, "SOL": {"tvl": 12670887495.024624}, "BNB": {"tvl": 9205431357.345432}}