{"BTC": {"tvl": 4407656709.228863}, "ETH": {"tvl": 55143078578.032776}, "SOL": {"tvl": 6581651590.654405}, "BNB": {"tvl": 5821022830.689028}}