{"BTC": {"tvl": 6775628968.569874}, "ETH": {"tvl": 67974834172.97802}, "SOL": {"tvl": 8315515264.528598}, "BNB": {"tvl": 6590226408.424911}}