{"BTC": {"tvl": 7503120827.129931}, "ETH": {"tvl": 75864303602.94514}, "SOL": {"tvl": 9896430495.423231}, "BNB": {"tvl": 7452616550.0677185}}