{"BTC": {"tvl": 8190316138.5775385}, "ETH": {"tvl": 86374691685.86389}, "SOL": {"tvl": 11266769351.581871}, "BNB": {"tvl": 7694253407.8200035}}