{"BTC": {"tvl": 8161980616.366204}, "ETH": {"tvl": 85353085572.59303}, "SOL": {"tvl": 11474376813.200321}, "BNB": {"tvl": 8503634841.226517}}