{"BTC": {"tvl": 5322853751.502594}, "ETH": {"tvl": 45935781701.95245}, "SOL": {"tvl": 5850626372.019246}, "BNB": {"tvl": 5627514681.392142}}