{"BTC": {"tvl": 4349074102.023981}, "ETH": {"tvl": 53241390207.64528}, "SOL": {"tvl": 6458110120.640643}, "BNB": {"tvl": 5563610788.277546}}