{"BTC": {"tvl": 8046593178.394812}, "ETH": {"tvl": 93629967364.60695}, "SOL": {"tvl": 11360837835.206568}, "BNB": {"tvl": 7504965571.805989}}