{"BTC": {"tvl": 7903954242.588397}, "ETH": {"tvl": 90595327231.85368}, "SOL": {"tvl": 11492161267.456259}, "BNB": {"tvl": 7424201827.416056}}