{"BTC": {"tvl": 3560647010.326787}, "ETH": {"tvl": 40416807659.14496}, "SOL": {"tvl": 4929754402.356583}, "BNB": {"tvl": 4948497602.563317}}