{"BTC": {"tvl": 7349311142.611027}, "ETH": {"tvl": 75430330739.76582}, "SOL": {"tvl": 9162831625.738144}, "BNB": {"tvl": 7172925547.2143135}}