{"BTC": {"tvl": 6563561397.31627}, "ETH": {"tvl": 67983206677.15995}, "SOL": {"tvl": 9008008195.944464}, "BNB": {"tvl": 6944136487.518268}}