{"BTC": {"tvl": 6921802564.727475}, "ETH": {"tvl": 70864870433.99356}, "SOL": {"tvl": 8699991577.816074}, "BNB": {"tvl": 6782404655.005063}}