{"BTC": {"tvl": 7643058425.742001}, "ETH": {"tvl": 93165038849.39429}, "SOL": {"tvl": 10731848261.3694}, "BNB": {"tvl": 7478001507.039812}}