{"BTC": {"tvl": 5318650572.487563}, "ETH": {"tvl": 45469441709.32569}, "SOL": {"tvl": 6192899017.331999}, "BNB": {"tvl": 5692206113.659254}}