{"BTC": {"tvl": 6231196329.630307}, "ETH": {"tvl": 65868273296.90843}, "SOL": {"tvl": 9244261622.598549}, "BNB": {"tvl": 6586619857.045593}}