{"BTC": {"tvl": 3589652146.8129644}, "ETH": {"tvl": 39904186635.1378}, "SOL": {"tvl": 4801066711.42502}, "BNB": {"tvl": 4893231422.654473}}