{"BTC": {"tvl": 8091211395.70386}, "ETH": {"tvl": 84991907085.9273}, "SOL": {"tvl": 11194243361.769314}, "BNB": {"tvl": 8312649483.093252}}