{"BTC": {"tvl": 4208261756.798954}, "ETH": {"tvl": 52440151204.9314}, "SOL": {"tvl": 6342322869.07042}, "BNB": {"tvl": 5442616533.57798}}