{"BTC": {"tvl": 4283243380.990102}, "ETH": {"tvl": 52461399149.274}, "SOL": {"tvl": 6382782662.914605}, "BNB": {"tvl": 5444906883.403199}}