{"BTC": {"tvl": 8804510923.443214}, "ETH": {"tvl": 92368212246.792}, "SOL": {"tvl": 12181778985.665796}, "BNB": {"tvl": 8067445715.973349}}