{"BTC": {"tvl": 4547813001.864833}, "ETH": {"tvl": 55812492537.214294}, "SOL": {"tvl": 6717568511.948174}, "BNB": {"tvl": 5901238767.432449}}