{"BTC": {"tvl": 4039540470.1272907}, "ETH": {"tvl": 39165535172.781006}, "SOL": {"tvl": 5055383417.704689}, "BNB": {"tvl": 4910603462.841409}}