{"BTC": {"tvl": 4130467250.490765}, "ETH": {"tvl": 38254249828.10376}, "SOL": {"tvl": 4781292447.511767}, "BNB": {"tvl": 5073434298.369692}}