{"BTC": {"tvl": 4199508568.3458214}, "ETH": {"tvl": 40936380859.582436}, "SOL": {"tvl": 4865409404.744735}, "BNB": {"tvl": 4945754978.650918}}