{"BTC": {"tvl": 4151417968.883608}, "ETH": {"tvl": 38603962588.57342}, "SOL": {"tvl": 4768540133.519302}, "BNB": {"tvl": 5117775183.140274}}