{"BTC": {"tvl": 5263591094.403456}, "ETH": {"tvl": 56586540226.706795}, "SOL": {"tvl": 6892451289.459045}, "BNB": {"tvl": 5641057688.20014}}