{"BTC": {"tvl": 6391255145.95751}, "ETH": {"tvl": 67166519270.62934}, "SOL": {"tvl": 8948201851.91607}, "BNB": {"tvl": 6874728200.715134}}