{"BTC": {"tvl": 3843757065.9815087}, "ETH": {"tvl": 36794702278.83546}, "SOL": {"tvl": 4834468419.18787}, "BNB": {"tvl": 4786361817.206178}}