{"BTC": {"tvl": 6514199346.9230385}, "ETH": {"tvl": 70060106481.56998}, "SOL": {"tvl": 8859256996.09891}, "BNB": {"tvl": 6967098914.177536}}