{"BTC": {"tvl": 4185801759.085384}, "ETH": {"tvl": 37389509905.37677}, "SOL": {"tvl": 4644605901.608888}, "BNB": {"tvl": 5240945329.156056}}