{"BTC": {"tvl": 7589995641.430401}, "ETH": {"tvl": 75368910052.80495}, "SOL": {"tvl": 9953312489.645624}, "BNB": {"tvl": 7530111036.628881}}