{"BTC": {"tvl": 4501864880.552302}, "ETH": {"tvl": 53202093473.83173}, "SOL": {"tvl": 5383090522.380701}, "BNB": {"tvl": 5240407312.076269}}