{"BTC": {"tvl": 2954060127.929374}, "ETH": {"tvl": 56732376482.52052}, "SOL": {"tvl": 6940621576.42725}, "BNB": {"tvl": 5771808114.362391}}