{"BTC": {"tvl": 7670466380.733689}, "ETH": {"tvl": 91888008233.40585}, "SOL": {"tvl": 10662733099.761192}, "BNB": {"tvl": 7364619339.895096}}