{"BTC": {"tvl": 2840162543.464682}, "ETH": {"tvl": 55204849923.35075}, "SOL": {"tvl": 6743765217.624298}, "BNB": {"tvl": 5437443585.723559}}