{"BTC": {"tvl": 5158995471.42296}, "ETH": {"tvl": 54570227915.333755}, "SOL": {"tvl": 6596043880.976808}, "BNB": {"tvl": 5786297599.114061}}