{"BTC": {"tvl": 4222132180.690429}, "ETH": {"tvl": 38947538410.85577}, "SOL": {"tvl": 4947324428.152901}, "BNB": {"tvl": 5139246843.231562}}