{"BTC": {"tvl": 7359361775.09955}, "ETH": {"tvl": 75250351526.15112}, "SOL": {"tvl": 9078895082.547642}, "BNB": {"tvl": 7152547255.606413}}