{"BTC": {"tvl": 6924123734.351893}, "ETH": {"tvl": 69221617400.60214}, "SOL": {"tvl": 8429854557.138651}, "BNB": {"tvl": 6440513087.00276}}