{"BTC": {"tvl": 8266154484.383385}, "ETH": {"tvl": 88827785187.81851}, "SOL": {"tvl": 11462107737.692556}, "BNB": {"tvl": 8863709148.525482}}