{"BTC": {"tvl": 5157912591.686836}, "ETH": {"tvl": 54539365639.26117}, "SOL": {"tvl": 6630788093.662632}, "BNB": {"tvl": 5791247793.185536}}