{"BTC": {"tvl": 8458821597.287999}, "ETH": {"tvl": 90328816714.73221}, "SOL": {"tvl": 11954755690.63342}, "BNB": {"tvl": 8823674722.356075}}