{"BTC": {"tvl": 4211828993.5236125}, "ETH": {"tvl": 41201220591.1829}, "SOL": {"tvl": 4878390988.516025}, "BNB": {"tvl": 4904778956.787682}}