{"BTC": {"tvl": 7471542814.339814}, "ETH": {"tvl": 89692020520.3521}, "SOL": {"tvl": 10342693806.627497}, "BNB": {"tvl": 7084052894.151333}}