{"BTC": {"tvl": 7366450349.768449}, "ETH": {"tvl": 74881002315.95891}, "SOL": {"tvl": 9147550342.121067}, "BNB": {"tvl": 7137917703.541064}}