{"BTC": {"tvl": 4137733330.1084404}, "ETH": {"tvl": 40176476225.56906}, "SOL": {"tvl": 5124028680.884477}, "BNB": {"tvl": 5031017774.827049}}