{"BTC": {"tvl": 4223587289.6532836}, "ETH": {"tvl": 37956196791.86307}, "SOL": {"tvl": 4760966508.321232}, "BNB": {"tvl": 5267145219.141082}}