{"BTC": {"tvl": 6718863833.09046}, "ETH": {"tvl": 68402720782.71801}, "SOL": {"tvl": 8277841227.818765}, "BNB": {"tvl": 6629236918.194443}}