{"BTC": {"tvl": 4065017464.0622754}, "ETH": {"tvl": 39591714759.414406}, "SOL": {"tvl": 5078205887.686791}, "BNB": {"tvl": 4940405182.9926}}