{"BTC": {"tvl": 5035407264.325608}, "ETH": {"tvl": 54695469147.97021}, "SOL": {"tvl": 6503379889.596891}, "BNB": {"tvl": 5751447491.778163}}