{"BTC": {"tvl": 4941159071.837063}, "ETH": {"tvl": 54546416947.644775}, "SOL": {"tvl": 5764036357.319154}, "BNB": {"tvl": 5411339747.463249}}