{"BTC": {"tvl": 3067706874.168599}, "ETH": {"tvl": 59559379982.62751}, "SOL": {"tvl": 7119348479.478545}, "BNB": {"tvl": 5901589303.237881}}