{"BTC": {"tvl": 5210317373.136367}, "ETH": {"tvl": 46072907824.78848}, "SOL": {"tvl": 5417902683.73451}, "BNB": {"tvl": 5467332818.125421}}