{"BTC": {"tvl": 7914747820.89168}, "ETH": {"tvl": 84343201567.73497}, "SOL": {"tvl": 11228602330.261292}, "BNB": {"tvl": 8422969383.087769}}