{"BTC": {"tvl": 4971174555.576783}, "ETH": {"tvl": 52445722210.290436}, "SOL": {"tvl": 6288676185.857741}, "BNB": {"tvl": 5380879419.0696745}}