{"BTC": {"tvl": 4540830164.542284}, "ETH": {"tvl": 53938036364.62571}, "SOL": {"tvl": 6567749708.152743}, "BNB": {"tvl": 5371726323.10151}}