{"BTC": {"tvl": 5041008308.310604}, "ETH": {"tvl": 45480578368.140205}, "SOL": {"tvl": 5522880401.329979}, "BNB": {"tvl": 5434706533.45799}}