{"BTC": {"tvl": 6968339397.853039}, "ETH": {"tvl": 71989999725.44691}, "SOL": {"tvl": 8967442742.872034}, "BNB": {"tvl": 6887677075.335843}}