{"BTC": {"tvl": 2953292499.091101}, "ETH": {"tvl": 56963196484.11486}, "SOL": {"tvl": 6965752538.329869}, "BNB": {"tvl": 5814425698.706718}}