{"BTC": {"tvl": 4814416483.596243}, "ETH": {"tvl": 42151998575.03076}, "SOL": {"tvl": 5370537323.687387}, "BNB": {"tvl": 5778550061.796536}}