{"BTC": {"tvl": 4068153183.9295034}, "ETH": {"tvl": 38014820418.83219}, "SOL": {"tvl": 4765947182.311778}, "BNB": {"tvl": 5050213976.23156}}