{"BTC": {"tvl": 4128227878.233592}, "ETH": {"tvl": 38238561535.032196}, "SOL": {"tvl": 4766893034.702897}, "BNB": {"tvl": 5080290642.6286335}}