{"BTC": {"tvl": 4649727589.786359}, "ETH": {"tvl": 54914779857.65757}, "SOL": {"tvl": 6842144621.412447}, "BNB": {"tvl": 5626547158.232958}}