{"BTC": {"tvl": 8577721495.425181}, "ETH": {"tvl": 93552942152.16013}, "SOL": {"tvl": 12402372618.136646}, "BNB": {"tvl": 7569038239.763067}}