{"BTC": {"tvl": 3508651122.1737633}, "ETH": {"tvl": 38945542714.71385}, "SOL": {"tvl": 4952025691.124213}, "BNB": {"tvl": 4904453569.70794}}