{"BTC": {"tvl": 6803326886.423063}, "ETH": {"tvl": 68295454079.70663}, "SOL": {"tvl": 8368317824.378073}, "BNB": {"tvl": 6390622037.05229}}