{"BTC": {"tvl": 8161380031.579353}, "ETH": {"tvl": 94717780222.77596}, "SOL": {"tvl": 11631883624.152555}, "BNB": {"tvl": 7586691171.183129}}