{"BTC": {"tvl": 5082566524.712212}, "ETH": {"tvl": 55820532912.08381}, "SOL": {"tvl": 5880259975.340414}, "BNB": {"tvl": 5554744069.071235}}