{"BTC": {"tvl": 6912197693.30796}, "ETH": {"tvl": 69146355475.33}, "SOL": {"tvl": 8285729108.040267}, "BNB": {"tvl": 6821633879.979258}}