{"BTC": {"tvl": 4096989123.672071}, "ETH": {"tvl": 39922026259.56133}, "SOL": {"tvl": 5078597572.88716}, "BNB": {"tvl": 4968552780.423959}}