{"BTC": {"tvl": 4168291242.0938654}, "ETH": {"tvl": 37734269626.873795}, "SOL": {"tvl": 4879629594.304309}, "BNB": {"tvl": 5184466770.145828}}