{"BTC": {"tvl": 4205350023.3642006}, "ETH": {"tvl": 37723177231.038025}, "SOL": {"tvl": 4740779202.030468}, "BNB": {"tvl": 5251144465.483962}}