{"BTC": {"tvl": 4345173852.41119}, "ETH": {"tvl": 53056529836.527435}, "SOL": {"tvl": 6331623489.640669}, "BNB": {"tvl": 5580264778.150939}}