{"BTC": {"tvl": 8836919590.454111}, "ETH": {"tvl": 95621942926.91098}, "SOL": {"tvl": 12756815137.344284}, "BNB": {"tvl": 7871553722.727798}}