{"BTC": {"tvl": 7823330071.980189}, "ETH": {"tvl": 94713785429.80507}, "SOL": {"tvl": 10965646527.305693}, "BNB": {"tvl": 7537164322.480164}}