{"BTC": {"tvl": 7361326043.3085785}, "ETH": {"tvl": 75276623752.30553}, "SOL": {"tvl": 9053931736.800163}, "BNB": {"tvl": 7154641873.57958}}