{"BTC": {"tvl": 5085603896.190152}, "ETH": {"tvl": 54090870308.63232}, "SOL": {"tvl": 6546644930.746591}, "BNB": {"tvl": 5712754613.710473}}