{"BTC": {"tvl": 2556311362.190213}, "ETH": {"tvl": 55517888585.66866}, "SOL": {"tvl": 6713523448.170994}, "BNB": {"tvl": 5415401021.262562}}