{"BTC": {"tvl": 8184233313.558853}, "ETH": {"tvl": 85831073236.7003}, "SOL": {"tvl": 11486668035.095005}, "BNB": {"tvl": 8519016333.798904}}