{"BTC": {"tvl": 7203510205.458712}, "ETH": {"tvl": 74014413797.51682}, "SOL": {"tvl": 8738632178.926655}, "BNB": {"tvl": 7013734929.992345}}