{"BTC": {"tvl": 5234352965.82907}, "ETH": {"tvl": 45576182093.50791}, "SOL": {"tvl": 5474127823.43857}, "BNB": {"tvl": 5485043628.917575}}