{"BTC": {"tvl": 5025631575.842976}, "ETH": {"tvl": 54377264736.72591}, "SOL": {"tvl": 6312511033.044026}, "BNB": {"tvl": 5632663278.484821}}