{"BTC": {"tvl": 8061415512.1717005}, "ETH": {"tvl": 84121536587.82585}, "SOL": {"tvl": 11110742462.595493}, "BNB": {"tvl": 8997030067.229513}}