{"BTC": {"tvl": 5127785037.037615}, "ETH": {"tvl": 54340183804.98529}, "SOL": {"tvl": 5870591218.773907}, "BNB": {"tvl": 5566234504.737282}}