{"BTC": {"tvl": 8294541084.611683}, "ETH": {"tvl": 88576854076.35002}, "SOL": {"tvl": 11854779003.611057}, "BNB": {"tvl": 8740645901.325552}}