{"BTC": {"tvl": 5233177495.936712}, "ETH": {"tvl": 55981311288.560555}, "SOL": {"tvl": 6717811712.596283}, "BNB": {"tvl": 5856930259.454248}}