{"BTC": {"tvl": 6240300209.67414}, "ETH": {"tvl": 65956170744.396286}, "SOL": {"tvl": 8540718710.102386}, "BNB": {"tvl": 6574498382.89305}}