{"BTC": {"tvl": 6938850840.966482}, "ETH": {"tvl": 69457679728.40036}, "SOL": {"tvl": 8552669158.785087}, "BNB": {"tvl": 6823610118.727082}}