{"BTC": {"tvl": 4840504223.709151}, "ETH": {"tvl": 42264530397.199135}, "SOL": {"tvl": 5252181629.153845}, "BNB": {"tvl": 5493806139.737797}}