{"BTC": {"tvl": 4259698050.6283298}, "ETH": {"tvl": 41425544406.557365}, "SOL": {"tvl": 4889063807.248092}, "BNB": {"tvl": 4827932873.911491}}