{"BTC": {"tvl": 5178720771.863576}, "ETH": {"tvl": 45362411822.14516}, "SOL": {"tvl": 5567692374.487806}, "BNB": {"tvl": 5579563784.749927}}