{"BTC": {"tvl": 5203611703.045956}, "ETH": {"tvl": 45946834423.1693}, "SOL": {"tvl": 5534652565.655667}, "BNB": {"tvl": 5540378584.257676}}