{"BTC": {"tvl": 7596662578.577987}, "ETH": {"tvl": 75132396038.22917}, "SOL": {"tvl": 10221651851.476593}, "BNB": {"tvl": 7780707585.448695}}