{"BTC": {"tvl": 4138825494.8906264}, "ETH": {"tvl": 40205213885.06198}, "SOL": {"tvl": 4776371539.892893}, "BNB": {"tvl": 4860870471.072096}}