{"BTC": {"tvl": 8132206562.507595}, "ETH": {"tvl": 85205095873.30229}, "SOL": {"tvl": 10768854238.346203}, "BNB": {"tvl": 7482133017.241565}}