{"BTC": {"tvl": 7620141545.424978}, "ETH": {"tvl": 95382215205.03493}, "SOL": {"tvl": 11058697234.8637}, "BNB": {"tvl": 7244851078.161628}}