{"BTC": {"tvl": 3575426958.6156025}, "ETH": {"tvl": 40693816321.7009}, "SOL": {"tvl": 4946215232.483415}, "BNB": {"tvl": 4980844668.038961}}