{"BTC": {"tvl": 8739269848.994055}, "ETH": {"tvl": 92303292028.29271}, "SOL": {"tvl": 12287470780.400124}, "BNB": {"tvl": 8057520785.423662}}