{"BTC": {"tvl": 7865120388.325603}, "ETH": {"tvl": 88534189897.64824}, "SOL": {"tvl": 10398812020.959698}, "BNB": {"tvl": 7453758048.39354}}