{"BTC": {"tvl": 5285554026.207408}, "ETH": {"tvl": 45644865527.60111}, "SOL": {"tvl": 5766605316.1720915}, "BNB": {"tvl": 5614242435.292215}}