{"BTC": {"tvl": 5317456393.5791235}, "ETH": {"tvl": 57250941456.63006}, "SOL": {"tvl": 6554682122.875734}, "BNB": {"tvl": 5564184653.447746}}