{"BTC": {"tvl": 6974371196.231242}, "ETH": {"tvl": 69896851141.91835}, "SOL": {"tvl": 8757129420.542929}, "BNB": {"tvl": 6833719525.67347}}