{"BTC": {"tvl": 7457218766.488513}, "ETH": {"tvl": 88131732752.79251}, "SOL": {"tvl": 10333765129.263342}, "BNB": {"tvl": 7090692405.388397}}