{"BTC": {"tvl": 6129541847.919687}, "ETH": {"tvl": 64991356406.2366}, "SOL": {"tvl": 8421687285.3103485}, "BNB": {"tvl": 6494214787.916233}}