{"BTC": {"tvl": 4527464875.693074}, "ETH": {"tvl": 54027525002.26531}, "SOL": {"tvl": 6570961385.88379}, "BNB": {"tvl": 5387604237.313377}}