{"BTC": {"tvl": 4569685050.41446}, "ETH": {"tvl": 53414599037.72853}, "SOL": {"tvl": 6370240678.137668}, "BNB": {"tvl": 5307088174.571156}}