{"BTC": {"tvl": 6896333300.379119}, "ETH": {"tvl": 69903178917.72627}, "SOL": {"tvl": 8274042828.310831}, "BNB": {"tvl": 6817005744.5268}}