{"BTC": {"tvl": 3993089633.6958656}, "ETH": {"tvl": 36235563685.4374}, "SOL": {"tvl": 4676123365.504936}, "BNB": {"tvl": 5042659805.614707}}