{"BTC": {"tvl": 6823506970.431245}, "ETH": {"tvl": 68649784156.331116}, "SOL": {"tvl": 8354696353.079114}, "BNB": {"tvl": 6410291846.105378}}