{"BTC": {"tvl": 7844748229.893674}, "ETH": {"tvl": 90839328565.57703}, "SOL": {"tvl": 11511699412.522549}, "BNB": {"tvl": 7362005476.035353}}