{"BTC": {"tvl": 8478163213.3891735}, "ETH": {"tvl": 92673179820.4179}, "SOL": {"tvl": 12536812465.755976}, "BNB": {"tvl": 7514573844.401884}}