{"BTC": {"tvl": 5187730942.89205}, "ETH": {"tvl": 44211001833.15477}, "SOL": {"tvl": 5991867132.741876}, "BNB": {"tvl": 5564652393.626557}}