{"BTC": {"tvl": 6583996239.1154585}, "ETH": {"tvl": 71446696087.05272}, "SOL": {"tvl": 8883484589.033443}, "BNB": {"tvl": 6937503459.518178}}