{"BTC": {"tvl": 7340259851.555116}, "ETH": {"tvl": 74983896896.87268}, "SOL": {"tvl": 9166884068.15299}, "BNB": {"tvl": 7146133378.803465}}