{"BTC": {"tvl": 7891232610.385253}, "ETH": {"tvl": 84169113488.77177}, "SOL": {"tvl": 11268847983.116766}, "BNB": {"tvl": 8449936955.9328985}}