{"BTC": {"tvl": 6886463157.966566}, "ETH": {"tvl": 69971322653.67072}, "SOL": {"tvl": 8527202551.208461}, "BNB": {"tvl": 6502424739.922273}}