{"BTC": {"tvl": 5298872870.774176}, "ETH": {"tvl": 45836385334.11782}, "SOL": {"tvl": 5869813893.25246}, "BNB": {"tvl": 5635319070.886822}}