{"BTC": {"tvl": 3597259762.227543}, "ETH": {"tvl": 39895074276.30004}, "SOL": {"tvl": 4804204415.092351}, "BNB": {"tvl": 4898458359.594414}}