{"BTC": {"tvl": 5067667287.6937685}, "ETH": {"tvl": 46078855064.63522}, "SOL": {"tvl": 5572391670.122898}, "BNB": {"tvl": 5409734951.489349}}