{"BTC": {"tvl": 6577541788.027818}, "ETH": {"tvl": 69216485155.54138}, "SOL": {"tvl": 9008485243.903934}, "BNB": {"tvl": 7074432564.358893}}