{"BTC": {"tvl": 8161372698.293845}, "ETH": {"tvl": 86523124836.10988}, "SOL": {"tvl": 11289942228.512102}, "BNB": {"tvl": 8696454193.374651}}