{"BTC": {"tvl": 6910400355.481991}, "ETH": {"tvl": 69165133935.94847}, "SOL": {"tvl": 8303064207.395284}, "BNB": {"tvl": 6823247842.104019}}