{"BTC": {"tvl": 7997823197.091283}, "ETH": {"tvl": 82804825961.92589}, "SOL": {"tvl": 10854392909.94508}, "BNB": {"tvl": 8271579099.733204}}