{"BTC": {"tvl": 6661658588.983862}, "ETH": {"tvl": 71951557582.30345}, "SOL": {"tvl": 8893157434.177784}, "BNB": {"tvl": 6983764664.195438}}