{"BTC": {"tvl": 5322553898.000614}, "ETH": {"tvl": 45492653739.04439}, "SOL": {"tvl": 5592082929.268526}, "BNB": {"tvl": 5543787138.502385}}