{"BTC": {"tvl": 6759957921.431594}, "ETH": {"tvl": 71049249763.7691}, "SOL": {"tvl": 9317606859.988544}, "BNB": {"tvl": 7162863108.0126}}