{"BTC": {"tvl": 5250590571.594465}, "ETH": {"tvl": 46721913758.07445}, "SOL": {"tvl": 5650122593.933704}, "BNB": {"tvl": 5552238487.3644705}}