{"BTC": {"tvl": 6648056107.569214}, "ETH": {"tvl": 69247563129.9164}, "SOL": {"tvl": 8226656255.721063}, "BNB": {"tvl": 6748725518.360708}}