{"BTC": {"tvl": 6648819092.173185}, "ETH": {"tvl": 70376351421.11241}, "SOL": {"tvl": 9086663753.395681}, "BNB": {"tvl": 7044389774.757946}}