{"BTC": {"tvl": 4333084290.753865}, "ETH": {"tvl": 42069693459.5024}, "SOL": {"tvl": 5013701347.834564}, "BNB": {"tvl": 4852675277.787975}}