{"BTC": {"tvl": 7471961528.310449}, "ETH": {"tvl": 75307314194.6018}, "SOL": {"tvl": 9900482044.47166}, "BNB": {"tvl": 7421168720.841744}}