{"BTC": {"tvl": 4237681172.505545}, "ETH": {"tvl": 52131143450.10492}, "SOL": {"tvl": 6334737094.627588}, "BNB": {"tvl": 5410547164.939924}}