{"BTC": {"tvl": 4156473038.994372}, "ETH": {"tvl": 37694152892.89324}, "SOL": {"tvl": 4889667532.48523}, "BNB": {"tvl": 5208523799.162338}}