{"BTC": {"tvl": 5128949431.511066}, "ETH": {"tvl": 44598948660.62562}, "SOL": {"tvl": 5513883250.69622}, "BNB": {"tvl": 5481222948.692002}}