{"BTC": {"tvl": 5251483013.719044}, "ETH": {"tvl": 57171259490.42017}, "SOL": {"tvl": 6571938563.549065}, "BNB": {"tvl": 5537190506.5335455}}