{"BTC": {"tvl": 3917113361.900933}, "ETH": {"tvl": 37479881939.74063}, "SOL": {"tvl": 4851005305.992583}, "BNB": {"tvl": 4851468326.13072}}