{"BTC": {"tvl": 4338884946.023083}, "ETH": {"tvl": 52664701722.92214}, "SOL": {"tvl": 6388818992.95431}, "BNB": {"tvl": 5262755075.140165}}