{"BTC": {"tvl": 6826148679.360049}, "ETH": {"tvl": 69190087908.10226}, "SOL": {"tvl": 8315866524.787182}, "BNB": {"tvl": 6609110404.530048}}