{"BTC": {"tvl": 6835452951.25901}, "ETH": {"tvl": 69579787900.41187}, "SOL": {"tvl": 8250069332.647257}, "BNB": {"tvl": 6771613826.558935}}