{"BTC": {"tvl": 7867066030.776616}, "ETH": {"tvl": 81720674516.14719}, "SOL": {"tvl": 10598112611.016184}, "BNB": {"tvl": 7949164219.947461}}