{"BTC": {"tvl": 8044150101.598072}, "ETH": {"tvl": 89888240642.11531}, "SOL": {"tvl": 12276400212.444094}, "BNB": {"tvl": 7494191118.540184}}