{"BTC": {"tvl": 7347684487.271934}, "ETH": {"tvl": 86609299365.98315}, "SOL": {"tvl": 10310288209.324419}, "BNB": {"tvl": 7222550527.476201}}