{"BTC": {"tvl": 3914798274.308063}, "ETH": {"tvl": 36857299128.14297}, "SOL": {"tvl": 4621206626.502153}, "BNB": {"tvl": 4933967898.421786}}