{"BTC": {"tvl": 8161217693.195667}, "ETH": {"tvl": 95211748854.55125}, "SOL": {"tvl": 11749004824.450554}, "BNB": {"tvl": 7701780072.031953}}