{"BTC": {"tvl": 7172047360.763817}, "ETH": {"tvl": 73250582073.3513}, "SOL": {"tvl": 8760693863.38729}, "BNB": {"tvl": 6839995801.854505}}