{"BTC": {"tvl": 7796407392.884104}, "ETH": {"tvl": 91506692408.31056}, "SOL": {"tvl": 11247543411.492615}, "BNB": {"tvl": 7394963039.107102}}