{"BTC": {"tvl": 8220514920.241926}, "ETH": {"tvl": 87418910882.38615}, "SOL": {"tvl": 11367590469.40051}, "BNB": {"tvl": 8728975721.195974}}