{"BTC": {"tvl": 7436492013.6257305}, "ETH": {"tvl": 75498923925.60722}, "SOL": {"tvl": 9191988584.237808}, "BNB": {"tvl": 7148570027.756149}}