{"BTC": {"tvl": 4221585464.9020166}, "ETH": {"tvl": 37719908142.2086}, "SOL": {"tvl": 4734027298.845869}, "BNB": {"tvl": 5275186749.6502}}