{"BTC": {"tvl": 4328623447.59747}, "ETH": {"tvl": 38511625158.17653}, "SOL": {"tvl": 4869003233.6113205}, "BNB": {"tvl": 5324126587.19037}}