{"BTC": {"tvl": 4455653556.248269}, "ETH": {"tvl": 52645404436.5446}, "SOL": {"tvl": 6575069676.888528}, "BNB": {"tvl": 5475147038.524998}}