{"BTC": {"tvl": 6924808320.095476}, "ETH": {"tvl": 70723763791.98486}, "SOL": {"tvl": 8721582956.301136}, "BNB": {"tvl": 6792623900.27254}}