{"BTC": {"tvl": 4412016819.194385}, "ETH": {"tvl": 52882449308.45172}, "SOL": {"tvl": 6586629016.4237585}, "BNB": {"tvl": 5448265936.197562}}