{"BTC": {"tvl": 4430913900.946159}, "ETH": {"tvl": 54174162702.15237}, "SOL": {"tvl": 6648013073.384281}, "BNB": {"tvl": 5603293688.556903}}