{"BTC": {"tvl": 7600232725.32943}, "ETH": {"tvl": 93714211258.70612}, "SOL": {"tvl": 10749866018.361547}, "BNB": {"tvl": 7175702857.0057335}}