{"BTC": {"tvl": 5107494183.336744}, "ETH": {"tvl": 45119963505.65025}, "SOL": {"tvl": 5457310479.647068}, "BNB": {"tvl": 5491687671.133667}}