{"BTC": {"tvl": 3418795637.7318525}, "ETH": {"tvl": 39893394598.93001}, "SOL": {"tvl": 4836589233.322735}, "BNB": {"tvl": 4900044735.161237}}