{"BTC": {"tvl": 6863808927.247556}, "ETH": {"tvl": 69132189838.95024}, "SOL": {"tvl": 8507227493.265142}, "BNB": {"tvl": 6798797432.9437685}}