{"BTC": {"tvl": 3713106995.2511735}, "ETH": {"tvl": 41254860378.28469}, "SOL": {"tvl": 4919585451.431177}, "BNB": {"tvl": 4948938949.587429}}