{"BTC": {"tvl": 7500685618.476382}, "ETH": {"tvl": 89242586025.77795}, "SOL": {"tvl": 10395299737.592592}, "BNB": {"tvl": 7162469857.579413}}