{"BTC": {"tvl": 6916928567.794194}, "ETH": {"tvl": 70106167450.28062}, "SOL": {"tvl": 8564237467.30171}, "BNB": {"tvl": 6526179044.681195}}