{"BTC": {"tvl": 8307444589.810892}, "ETH": {"tvl": 87247241664.72177}, "SOL": {"tvl": 11343988108.971664}, "BNB": {"tvl": 7799639149.467253}}