{"BTC": {"tvl": 5089530789.684626}, "ETH": {"tvl": 43393956961.62091}, "SOL": {"tvl": 5914138074.958014}, "BNB": {"tvl": 5475370975.274757}}