{"BTC": {"tvl": 3700929565.9696646}, "ETH": {"tvl": 41140902048.33864}, "SOL": {"tvl": 4887026051.852664}, "BNB": {"tvl": 4969574824.104541}}