{"BTC": {"tvl": 4040107901.51475}, "ETH": {"tvl": 36715353531.16205}, "SOL": {"tvl": 4518461012.515469}, "BNB": {"tvl": 5135295879.1396885}}