{"BTC": {"tvl": 4963140503.16298}, "ETH": {"tvl": 42813745138.63781}, "SOL": {"tvl": 5358205958.99313}, "BNB": {"tvl": 5549144827.074695}}