{"BTC": {"tvl": 4401636400.9429655}, "ETH": {"tvl": 54799414473.17773}, "SOL": {"tvl": 6563113965.4257555}, "BNB": {"tvl": 5821317616.381747}}