{"BTC": {"tvl": 5770614820.022312}, "ETH": {"tvl": 60461688032.395096}, "SOL": {"tvl": 8457698093.070687}, "BNB": {"tvl": 6135783176.66202}}