{"BTC": {"tvl": 4971630276.592036}, "ETH": {"tvl": 54735201993.52168}, "SOL": {"tvl": 5835474983.605521}, "BNB": {"tvl": 5422089684.494356}}