{"BTC": {"tvl": 6800940211.826995}, "ETH": {"tvl": 69066998831.9922}, "SOL": {"tvl": 8290821489.929989}, "BNB": {"tvl": 6594308530.53539}}