{"BTC": {"tvl": 5882626672.548184}, "ETH": {"tvl": 59827090869.33634}, "SOL": {"tvl": 8073660428.016283}, "BNB": {"tvl": 6159035961.019685}}