{"BTC": {"tvl": 4379501085.02778}, "ETH": {"tvl": 54894923975.03246}, "SOL": {"tvl": 6524042014.634561}, "BNB": {"tvl": 5780823335.233285}}