{"BTC": {"tvl": 7920196235.118608}, "ETH": {"tvl": 91497669820.57164}, "SOL": {"tvl": 11484388826.247185}, "BNB": {"tvl": 7474042438.455849}}