{"BTC": {"tvl": 7672637775.349965}, "ETH": {"tvl": 93827349464.27351}, "SOL": {"tvl": 10829203683.037003}, "BNB": {"tvl": 7301013265.356149}}