{"BTC": {"tvl": 6889262135.788672}, "ETH": {"tvl": 68460361886.57284}, "SOL": {"tvl": 8415056480.416645}, "BNB": {"tvl": 6486862846.180213}}