{"BTC": {"tvl": 5111365978.5618}, "ETH": {"tvl": 56056102963.39026}, "SOL": {"tvl": 5892864552.278465}, "BNB": {"tvl": 5474467144.25299}}