{"BTC": {"tvl": 4223995103.3013806}, "ETH": {"tvl": 38936197041.15681}, "SOL": {"tvl": 4915393957.152741}, "BNB": {"tvl": 5128336342.189504}}