{"BTC": {"tvl": 8680610355.562822}, "ETH": {"tvl": 95034152890.05792}, "SOL": {"tvl": 12499922660.94736}, "BNB": {"tvl": 8111101588.702575}}