{"BTC": {"tvl": 3996715568.9618998}, "ETH": {"tvl": 36083682295.50372}, "SOL": {"tvl": 4684360193.4128065}, "BNB": {"tvl": 5045301722.496806}}