{"BTC": {"tvl": 8139438820.90442}, "ETH": {"tvl": 95077626260.2919}, "SOL": {"tvl": 11112587945.656881}, "BNB": {"tvl": 7726004842.806107}}