{"BTC": {"tvl": 4611486597.912596}, "ETH": {"tvl": 54370654614.06541}, "SOL": {"tvl": 5647883228.9215555}, "BNB": {"tvl": 5400010415.821982}}