{"BTC": {"tvl": 4087121707.926602}, "ETH": {"tvl": 39748070911.72734}, "SOL": {"tvl": 5107729150.621349}, "BNB": {"tvl": 4983975012.663686}}