{"BTC": {"tvl": 5148390611.74063}, "ETH": {"tvl": 54377073171.47319}, "SOL": {"tvl": 6646001916.910807}, "BNB": {"tvl": 5741073701.351547}}