{"BTC": {"tvl": 8540714664.367148}, "ETH": {"tvl": 94278898215.98137}, "SOL": {"tvl": 12986658867.123318}, "BNB": {"tvl": 7583063008.650315}}