{"BTC": {"tvl": 7921713097.961782}, "ETH": {"tvl": 88883419996.01271}, "SOL": {"tvl": 10565198171.081995}, "BNB": {"tvl": 7524035926.368469}}