{"BTC": {"tvl": 7628893672.750476}, "ETH": {"tvl": 91911626981.91095}, "SOL": {"tvl": 10566806725.459135}, "BNB": {"tvl": 7175830682.393897}}