{"BTC": {"tvl": 8051526321.985085}, "ETH": {"tvl": 95407921637.40628}, "SOL": {"tvl": 11287103497.227219}, "BNB": {"tvl": 7733393328.46391}}