{"BTC": {"tvl": 5156681020.617657}, "ETH": {"tvl": 45224103042.559906}, "SOL": {"tvl": 5539365426.29729}, "BNB": {"tvl": 5541949592.542363}}