{"BTC": {"tvl": 4217109047.92751}, "ETH": {"tvl": 41030317289.57036}, "SOL": {"tvl": 4882602513.802746}, "BNB": {"tvl": 4905173351.591106}}