{"BTC": {"tvl": 8183434684.819397}, "ETH": {"tvl": 83208248055.23415}, "SOL": {"tvl": 10686014857.054642}, "BNB": {"tvl": 8480904494.999881}}