{"BTC": {"tvl": 6971817657.689749}, "ETH": {"tvl": 71833908301.33786}, "SOL": {"tvl": 8867945342.015163}, "BNB": {"tvl": 6927246925.929225}}