{"BTC": {"tvl": 7884903587.674784}, "ETH": {"tvl": 92872317522.62419}, "SOL": {"tvl": 11481799796.337961}, "BNB": {"tvl": 7470752138.349062}}