{"BTC": {"tvl": 7514500851.637683}, "ETH": {"tvl": 74015710927.5742}, "SOL": {"tvl": 9989977709.419558}, "BNB": {"tvl": 7594741531.7381935}}