{"BTC": {"tvl": 6828072188.988616}, "ETH": {"tvl": 69189864006.71652}, "SOL": {"tvl": 8545900861.337499}, "BNB": {"tvl": 6514180412.594978}}