{"BTC": {"tvl": 6615501705.522623}, "ETH": {"tvl": 70300120883.98083}, "SOL": {"tvl": 9130146483.694885}, "BNB": {"tvl": 7048789438.963852}}