{"BTC": {"tvl": 5326781469.780215}, "ETH": {"tvl": 46915594562.36479}, "SOL": {"tvl": 5688947719.432682}, "BNB": {"tvl": 5601424917.130651}}