{"BTC": {"tvl": 5187646121.488263}, "ETH": {"tvl": 44256468765.55944}, "SOL": {"tvl": 5977697467.698998}, "BNB": {"tvl": 5554218102.4317045}}