{"BTC": {"tvl": 5344304161.20043}, "ETH": {"tvl": 57267593654.92178}, "SOL": {"tvl": 6572822316.35408}, "BNB": {"tvl": 5580786051.877229}}