{"BTC": {"tvl": 4151490278.331061}, "ETH": {"tvl": 38755497349.73141}, "SOL": {"tvl": 4824240392.156907}, "BNB": {"tvl": 5086644003.19555}}