{"BTC": {"tvl": 8236630151.740032}, "ETH": {"tvl": 88283556461.74258}, "SOL": {"tvl": 11802430181.969954}, "BNB": {"tvl": 8710683155.388945}}