{"BTC": {"tvl": 3951584223.6726003}, "ETH": {"tvl": 37287900719.14424}, "SOL": {"tvl": 4826455945.955744}, "BNB": {"tvl": 4969836026.50111}}