{"BTC": {"tvl": 4219372041.6181436}, "ETH": {"tvl": 38878869967.553734}, "SOL": {"tvl": 4920458503.3810005}, "BNB": {"tvl": 5121700734.073251}}