{"BTC": {"tvl": 7506694443.04718}, "ETH": {"tvl": 89457660671.1247}, "SOL": {"tvl": 10463793409.03721}, "BNB": {"tvl": 7146674348.5317135}}