{"BTC": {"tvl": 3732823132.282368}, "ETH": {"tvl": 41510856672.410675}, "SOL": {"tvl": 4929613678.7658}, "BNB": {"tvl": 4980932626.632538}}