{"BTC": {"tvl": 4373977027.883844}, "ETH": {"tvl": 39696020930.12495}, "SOL": {"tvl": 5026497856.226693}, "BNB": {"tvl": 5378842730.328813}}