{"BTC": {"tvl": 8199083165.257673}, "ETH": {"tvl": 87265295238.00102}, "SOL": {"tvl": 11652124256.943445}, "BNB": {"tvl": 8659133811.349642}}