{"BTC": {"tvl": 8461531283.110438}, "ETH": {"tvl": 88508801520.0564}, "SOL": {"tvl": 11323217465.52051}, "BNB": {"tvl": 7904874278.664914}}