{"BTC": {"tvl": 4427221474.065743}, "ETH": {"tvl": 55257899080.43403}, "SOL": {"tvl": 6591534820.4080515}, "BNB": {"tvl": 5849391264.452301}}