{"BTC": {"tvl": 4172559519.9681745}, "ETH": {"tvl": 38894226597.584015}, "SOL": {"tvl": 4839859682.626064}, "BNB": {"tvl": 5120805672.678895}}