{"BTC": {"tvl": 5209228302.378755}, "ETH": {"tvl": 44974504857.82318}, "SOL": {"tvl": 5557462022.015019}, "BNB": {"tvl": 5594777407.470568}}