{"BTC": {"tvl": 7023317477.453066}, "ETH": {"tvl": 71820443448.73045}, "SOL": {"tvl": 8922907419.450623}, "BNB": {"tvl": 6917750468.726063}}