{"BTC": {"tvl": 7519710089.390807}, "ETH": {"tvl": 90060827567.39381}, "SOL": {"tvl": 10421730449.642855}, "BNB": {"tvl": 7127177365.855487}}