{"BTC": {"tvl": 6902674269.760424}, "ETH": {"tvl": 69307252584.37262}, "SOL": {"tvl": 8439438949.175195}, "BNB": {"tvl": 6801198246.101641}}