{"BTC": {"tvl": 7492359788.695338}, "ETH": {"tvl": 74465295459.4578}, "SOL": {"tvl": 10013077222.272917}, "BNB": {"tvl": 7696844030.640712}}