{"BTC": {"tvl": 7907137052.21335}, "ETH": {"tvl": 83313591727.8399}, "SOL": {"tvl": 10784205189.76247}, "BNB": {"tvl": 8157598182.941733}}