{"BTC": {"tvl": 4540495130.347038}, "ETH": {"tvl": 55293252551.418236}, "SOL": {"tvl": 6620675635.862237}, "BNB": {"tvl": 5604538246.111705}}