{"BTC": {"tvl": 6983399824.038091}, "ETH": {"tvl": 71218368931.73468}, "SOL": {"tvl": 8905879811.463251}, "BNB": {"tvl": 6782881004.737898}}