{"BTC": {"tvl": 6883182229.974576}, "ETH": {"tvl": 69541689858.82744}, "SOL": {"tvl": 8546530642.450268}, "BNB": {"tvl": 6613215447.554195}}