{"BTC": {"tvl": 6582954719.202821}, "ETH": {"tvl": 70889816615.47292}, "SOL": {"tvl": 8582617490.3665905}, "BNB": {"tvl": 6843064751.959046}}