{"BTC": {"tvl": 6792385856.617936}, "ETH": {"tvl": 68379473566.25098}, "SOL": {"tvl": 8269872109.452813}, "BNB": {"tvl": 6598226534.214685}}