{"BTC": {"tvl": 4567272255.708679}, "ETH": {"tvl": 53724484150.1581}, "SOL": {"tvl": 6419224113.694301}, "BNB": {"tvl": 5326156523.831944}}