{"BTC": {"tvl": 6808166779.534937}, "ETH": {"tvl": 68327437007.78795}, "SOL": {"tvl": 8279127656.119973}, "BNB": {"tvl": 6631691757.137804}}