{"BTC": {"tvl": 5339273606.002447}, "ETH": {"tvl": 45595177488.80848}, "SOL": {"tvl": 5598628876.133021}, "BNB": {"tvl": 5547839994.499457}}