{"BTC": {"tvl": 5501573057.943934}, "ETH": {"tvl": 58085543526.67501}, "SOL": {"tvl": 7123590084.238766}, "BNB": {"tvl": 5941393741.124493}}