{"BTC": {"tvl": 4652854619.671112}, "ETH": {"tvl": 54540406958.712585}, "SOL": {"tvl": 6168650741.045065}, "BNB": {"tvl": 5411151363.513207}}