{"BTC": {"tvl": 7020258997.939655}, "ETH": {"tvl": 70830590110.00641}, "SOL": {"tvl": 9327584305.82938}, "BNB": {"tvl": 7241063442.815282}}