{"BTC": {"tvl": 5057051793.764772}, "ETH": {"tvl": 55806126861.335144}, "SOL": {"tvl": 5792867020.163086}, "BNB": {"tvl": 5454011393.520262}}