{"BTC": {"tvl": 6462889047.328744}, "ETH": {"tvl": 69909386990.25565}, "SOL": {"tvl": 8818076829.984686}, "BNB": {"tvl": 6926975583.538649}}