{"BTC": {"tvl": 8258087317.200951}, "ETH": {"tvl": 88462867081.99466}, "SOL": {"tvl": 11798783327.287237}, "BNB": {"tvl": 8750177661.440695}}