{"BTC": {"tvl": 4812566372.017563}, "ETH": {"tvl": 42300250246.54824}, "SOL": {"tvl": 5377842370.706595}, "BNB": {"tvl": 5501181278.743281}}