{"BTC": {"tvl": 5041573747.2367}, "ETH": {"tvl": 46625011498.872795}, "SOL": {"tvl": 5583276875.149005}, "BNB": {"tvl": 5432668704.972708}}