{"BTC": {"tvl": 3607567861.8221254}, "ETH": {"tvl": 39885948017.34002}, "SOL": {"tvl": 5070698062.831148}, "BNB": {"tvl": 4976813859.801404}}