{"BTC": {"tvl": 4530270421.076555}, "ETH": {"tvl": 55228509773.55875}, "SOL": {"tvl": 6624440451.088015}, "BNB": {"tvl": 5622741190.281296}}