{"BTC": {"tvl": 6464259460.972995}, "ETH": {"tvl": 70179542886.47792}, "SOL": {"tvl": 8867719996.870552}, "BNB": {"tvl": 6967055996.124731}}