{"BTC": {"tvl": 8527567573.592942}, "ETH": {"tvl": 94152140463.18115}, "SOL": {"tvl": 12641444177.994648}, "BNB": {"tvl": 7568416631.659732}}