{"BTC": {"tvl": 5060178946.154131}, "ETH": {"tvl": 45086020020.04965}, "SOL": {"tvl": 5443208609.91341}, "BNB": {"tvl": 5450522925.347877}}