{"BTC": {"tvl": 7835684619.6605015}, "ETH": {"tvl": 83492056058.95007}, "SOL": {"tvl": 10839575685.320173}, "BNB": {"tvl": 8157168022.964943}}