{"BTC": {"tvl": 4224035055.6013975}, "ETH": {"tvl": 38975671161.43194}, "SOL": {"tvl": 4932461866.675474}, "BNB": {"tvl": 5132353162.063082}}