{"BTC": {"tvl": 7765954799.701356}, "ETH": {"tvl": 91412065167.64752}, "SOL": {"tvl": 11205839363.520992}, "BNB": {"tvl": 7393727096.94898}}