{"BTC": {"tvl": 5359381639.816982}, "ETH": {"tvl": 45767338463.49149}, "SOL": {"tvl": 5878716162.919863}, "BNB": {"tvl": 5640015200.632474}}