{"BTC": {"tvl": 7148170538.786172}, "ETH": {"tvl": 73433876630.99753}, "SOL": {"tvl": 8734691629.333271}, "BNB": {"tvl": 7018931000.063571}}