{"BTC": {"tvl": 6229787484.21987}, "ETH": {"tvl": 67122081367.74294}, "SOL": {"tvl": 9070831550.895845}, "BNB": {"tvl": 6598724227.682126}}