{"BTC": {"tvl": 6541255370.661387}, "ETH": {"tvl": 69994562483.4338}, "SOL": {"tvl": 9366961270.717844}, "BNB": {"tvl": 6811526839.149095}}