{"BTC": {"tvl": 8684243950.439554}, "ETH": {"tvl": 94477906809.511}, "SOL": {"tvl": 12536874900.865671}, "BNB": {"tvl": 7840183320.607073}}