{"BTC": {"tvl": 7374563764.014987}, "ETH": {"tvl": 88422682683.53151}, "SOL": {"tvl": 10448614067.829357}, "BNB": {"tvl": 7404605158.117734}}