{"BTC": {"tvl": 5233305054.2996435}, "ETH": {"tvl": 44992470463.13418}, "SOL": {"tvl": 6049931599.446554}, "BNB": {"tvl": 5654069838.485726}}