{"BTC": {"tvl": 7977355484.472713}, "ETH": {"tvl": 92420216750.27081}, "SOL": {"tvl": 11600245247.942959}, "BNB": {"tvl": 7412828389.368112}}