{"BTC": {"tvl": 7994989791.337889}, "ETH": {"tvl": 84225996859.26694}, "SOL": {"tvl": 11183847841.819714}, "BNB": {"tvl": 8246983924.145287}}