{"BTC": {"tvl": 7759910946.878997}, "ETH": {"tvl": 94095968176.47983}, "SOL": {"tvl": 10928030752.890028}, "BNB": {"tvl": 7501454392.40038}}