{"BTC": {"tvl": 4337331031.924769}, "ETH": {"tvl": 39837001186.69895}, "SOL": {"tvl": 4935927053.303313}, "BNB": {"tvl": 5284527059.997403}}