{"BTC": {"tvl": 8488797858.774767}, "ETH": {"tvl": 90370332825.0561}, "SOL": {"tvl": 12037863229.693722}, "BNB": {"tvl": 7869539463.217104}}