{"BTC": {"tvl": 8869399587.339695}, "ETH": {"tvl": 95109336476.22502}, "SOL": {"tvl": 12579596754.973497}, "BNB": {"tvl": 9069456643.681604}}