{"BTC": {"tvl": 8598946080.008959}, "ETH": {"tvl": 96794198717.31122}, "SOL": {"tvl": 13184454747.205408}, "BNB": {"tvl": 7682536942.876003}}