{"BTC": {"tvl": 8856162516.363295}, "ETH": {"tvl": 92359798386.84941}, "SOL": {"tvl": 12549466212.173004}, "BNB": {"tvl": 9031458155.810352}}