{"BTC": {"tvl": 2965932674.425419}, "ETH": {"tvl": 56899668821.06774}, "SOL": {"tvl": 6961929283.856012}, "BNB": {"tvl": 5827257998.564252}}