{"BTC": {"tvl": 6396307716.110071}, "ETH": {"tvl": 67806438448.3199}, "SOL": {"tvl": 9292283824.145414}, "BNB": {"tvl": 6698135109.677691}}