{"BTC": {"tvl": 8055191750.249515}, "ETH": {"tvl": 84988765395.9542}, "SOL": {"tvl": 11434046048.88955}, "BNB": {"tvl": 8451284298.347634}}