{"BTC": {"tvl": 4184737356.531696}, "ETH": {"tvl": 37520388590.23911}, "SOL": {"tvl": 4657061584.297896}, "BNB": {"tvl": 5224402245.358149}}