{"BTC": {"tvl": 6965074764.508764}, "ETH": {"tvl": 71738711623.56346}, "SOL": {"tvl": 8546807694.371278}, "BNB": {"tvl": 6699804281.763656}}