{"BTC": {"tvl": 4352982836.598918}, "ETH": {"tvl": 41983251276.10991}, "SOL": {"tvl": 4975037278.5997095}, "BNB": {"tvl": 4931420070.294672}}