{"BTC": {"tvl": 4145001418.1376243}, "ETH": {"tvl": 37440517156.7183}, "SOL": {"tvl": 4780083078.182767}, "BNB": {"tvl": 5147700906.656607}}