{"BTC": {"tvl": 6918772712.757695}, "ETH": {"tvl": 69174002367.77898}, "SOL": {"tvl": 8295303728.691664}, "BNB": {"tvl": 6811187689.682113}}