{"BTC": {"tvl": 3429477616.120787}, "ETH": {"tvl": 39800960322.981255}, "SOL": {"tvl": 4844335341.649982}, "BNB": {"tvl": 4900586963.58036}}