{"BTC": {"tvl": 4272964651.898974}, "ETH": {"tvl": 52539587935.83119}, "SOL": {"tvl": 6333164168.699812}, "BNB": {"tvl": 5537055454.21033}}