{"BTC": {"tvl": 6297510251.095172}, "ETH": {"tvl": 67258090509.93986}, "SOL": {"tvl": 8955523629.914688}, "BNB": {"tvl": 6854206170.486751}}