{"BTC": {"tvl": 5746655048.519272}, "ETH": {"tvl": 59314027950.63042}, "SOL": {"tvl": 8412126331.468106}, "BNB": {"tvl": 6081740079.677272}}