{"BTC": {"tvl": 4225078044.308913}, "ETH": {"tvl": 38938728917.68421}, "SOL": {"tvl": 4946912015.955407}, "BNB": {"tvl": 5137623085.096446}}