{"BTC": {"tvl": 7036094454.439033}, "ETH": {"tvl": 71407629746.15775}, "SOL": {"tvl": 9371859369.242235}, "BNB": {"tvl": 7238721464.376923}}