{"BTC": {"tvl": 3887841003.1587267}, "ETH": {"tvl": 37307208141.01775}, "SOL": {"tvl": 4851796399.236133}, "BNB": {"tvl": 4847974944.872291}}