{"BTC": {"tvl": 5047864680.393063}, "ETH": {"tvl": 55404018741.86198}, "SOL": {"tvl": 5892430647.983592}, "BNB": {"tvl": 5546790910.286577}}