{"BTC": {"tvl": 7643302781.410015}, "ETH": {"tvl": 92037284527.86243}, "SOL": {"tvl": 10570735098.315552}, "BNB": {"tvl": 7157225827.952506}}