{"BTC": {"tvl": 7895827687.364578}, "ETH": {"tvl": 91321787347.59985}, "SOL": {"tvl": 11493742577.195747}, "BNB": {"tvl": 7379371776.691252}}