{"BTC": {"tvl": 8045111339.211822}, "ETH": {"tvl": 98589147561.61665}, "SOL": {"tvl": 11533071406.496696}, "BNB": {"tvl": 7665119613.457287}}