{"BTC": {"tvl": 4023856509.8591833}, "ETH": {"tvl": 55578024898.330154}, "SOL": {"tvl": 6675304492.012061}, "BNB": {"tvl": 5899769460.558337}}