{"BTC": {"tvl": 4579233528.110315}, "ETH": {"tvl": 56160320451.17742}, "SOL": {"tvl": 6770781494.104443}, "BNB": {"tvl": 5976888283.0428915}}