{"BTC": {"tvl": 8489344151.746551}, "ETH": {"tvl": 88565904194.35832}, "SOL": {"tvl": 11583248571.438082}, "BNB": {"tvl": 7873105973.313238}}