{"BTC": {"tvl": 5040960451.507069}, "ETH": {"tvl": 55746179238.2027}, "SOL": {"tvl": 5789069478.253379}, "BNB": {"tvl": 5526464405.153582}}