{"BTC": {"tvl": 5098941673.479831}, "ETH": {"tvl": 43460208335.15024}, "SOL": {"tvl": 6011350332.047289}, "BNB": {"tvl": 5505167293.348575}}