{"BTC": {"tvl": 7914338457.881293}, "ETH": {"tvl": 90712108743.62434}, "SOL": {"tvl": 11596173993.882084}, "BNB": {"tvl": 7403282586.513399}}