{"BTC": {"tvl": 7039104832.834112}, "ETH": {"tvl": 73254322714.09636}, "SOL": {"tvl": 8848001814.224657}, "BNB": {"tvl": 6874114412.303249}}