{"BTC": {"tvl": 3716656488.637882}, "ETH": {"tvl": 41316473085.77568}, "SOL": {"tvl": 4911226304.953862}, "BNB": {"tvl": 4969360961.303961}}