{"BTC": {"tvl": 8951261965.332602}, "ETH": {"tvl": 93085183713.64035}, "SOL": {"tvl": 12565428681.514023}, "BNB": {"tvl": 9181076487.576227}}