{"BTC": {"tvl": 6985785833.006123}, "ETH": {"tvl": 71356111406.03015}, "SOL": {"tvl": 9329243158.59828}, "BNB": {"tvl": 7185505552.5218115}}