{"BTC": {"tvl": 5348263189.756542}, "ETH": {"tvl": 57040652725.26946}, "SOL": {"tvl": 7019677262.50399}, "BNB": {"tvl": 5718680725.249746}}