{"BTC": {"tvl": 5070951581.461453}, "ETH": {"tvl": 47756683833.824936}, "SOL": {"tvl": 5654230564.070032}, "BNB": {"tvl": 5442160028.643274}}