{"BTC": {"tvl": 5096249484.2594385}, "ETH": {"tvl": 45226094879.72637}, "SOL": {"tvl": 5409726274.722679}, "BNB": {"tvl": 5452104411.5335245}}