{"BTC": {"tvl": 5285146798.80481}, "ETH": {"tvl": 55823449846.71258}, "SOL": {"tvl": 6738955664.022152}, "BNB": {"tvl": 5885202779.528969}}