{"BTC": {"tvl": 7075834622.040899}, "ETH": {"tvl": 72439850308.01118}, "SOL": {"tvl": 8738769630.37702}, "BNB": {"tvl": 6817393550.414211}}