{"BTC": {"tvl": 6690419894.329547}, "ETH": {"tvl": 71199210378.09221}, "SOL": {"tvl": 9256852518.439835}, "BNB": {"tvl": 7109847923.177865}}