{"BTC": {"tvl": 8068060546.442359}, "ETH": {"tvl": 83483781230.07167}, "SOL": {"tvl": 11172924088.739897}, "BNB": {"tvl": 8941386581.601858}}