{"BTC": {"tvl": 7899324769.230308}, "ETH": {"tvl": 92560965094.06563}, "SOL": {"tvl": 11496503123.868233}, "BNB": {"tvl": 7487856345.278536}}