{"BTC": {"tvl": 6346323242.897285}, "ETH": {"tvl": 67739444143.98447}, "SOL": {"tvl": 8960781976.701235}, "BNB": {"tvl": 6882854299.665644}}