{"BTC": {"tvl": 8023041536.520305}, "ETH": {"tvl": 84801436906.13284}, "SOL": {"tvl": 10964509572.791275}, "BNB": {"tvl": 8463768229.300801}}