{"BTC": {"tvl": 7223641258.779992}, "ETH": {"tvl": 74503781362.25916}, "SOL": {"tvl": 8967588901.417572}, "BNB": {"tvl": 6879680083.360636}}