{"BTC": {"tvl": 3062562431.2722316}, "ETH": {"tvl": 59562773366.92572}, "SOL": {"tvl": 7128722812.093785}, "BNB": {"tvl": 5909804640.800692}}