{"BTC": {"tvl": 5074697719.578905}, "ETH": {"tvl": 42996914967.051155}, "SOL": {"tvl": 5595214659.245563}, "BNB": {"tvl": 5557527931.106453}}