{"BTC": {"tvl": 6938968804.577308}, "ETH": {"tvl": 69414308647.51685}, "SOL": {"tvl": 8327306876.909989}, "BNB": {"tvl": 6828916413.460174}}