{"BTC": {"tvl": 3084737700.8899956}, "ETH": {"tvl": 59773191178.72227}, "SOL": {"tvl": 7157551920.107073}, "BNB": {"tvl": 5910580680.174024}}