{"BTC": {"tvl": 4500324615.010662}, "ETH": {"tvl": 55241119206.33598}, "SOL": {"tvl": 6672101417.477742}, "BNB": {"tvl": 5429860211.530392}}