{"BTC": {"tvl": 7843527044.01849}, "ETH": {"tvl": 92704505689.5775}, "SOL": {"tvl": 11423180803.662193}, "BNB": {"tvl": 7438824801.523354}}