{"BTC": {"tvl": 6680179152.500094}, "ETH": {"tvl": 68631009964.28883}, "SOL": {"tvl": 8272607336.239706}, "BNB": {"tvl": 6562107682.901299}}