{"BTC": {"tvl": 7013211903.1691065}, "ETH": {"tvl": 70273153344.80719}, "SOL": {"tvl": 8856103964.980574}, "BNB": {"tvl": 6850738173.304903}}