{"BTC": {"tvl": 5307909257.609218}, "ETH": {"tvl": 57659425494.2429}, "SOL": {"tvl": 6592105991.338118}, "BNB": {"tvl": 5557000428.11174}}