{"BTC": {"tvl": 8017199224.757883}, "ETH": {"tvl": 91832302978.87431}, "SOL": {"tvl": 11917429116.193352}, "BNB": {"tvl": 7559025520.445189}}