{"BTC": {"tvl": 6435717185.988498}, "ETH": {"tvl": 65537665899.89573}, "SOL": {"tvl": 8841877178.096275}, "BNB": {"tvl": 6761404594.398499}}