{"BTC": {"tvl": 5318111780.712137}, "ETH": {"tvl": 44895030985.940414}, "SOL": {"tvl": 5606997599.490031}, "BNB": {"tvl": 5539493137.2877865}}