{"BTC": {"tvl": 6439773321.354108}, "ETH": {"tvl": 69960295958.87668}, "SOL": {"tvl": 8818333543.542784}, "BNB": {"tvl": 6928581459.857582}}