{"BTC": {"tvl": 7084924846.761657}, "ETH": {"tvl": 72427476078.25534}, "SOL": {"tvl": 8981925881.385061}, "BNB": {"tvl": 6972210083.586445}}