{"BTC": {"tvl": 7954382168.350666}, "ETH": {"tvl": 96142402255.1187}, "SOL": {"tvl": 11407240542.653131}, "BNB": {"tvl": 7607477777.562554}}