{"BTC": {"tvl": 5148694970.454406}, "ETH": {"tvl": 45027981414.11064}, "SOL": {"tvl": 5497489296.615569}, "BNB": {"tvl": 5499271713.839413}}