{"BTC": {"tvl": 4212555922.3446364}, "ETH": {"tvl": 40903132695.333275}, "SOL": {"tvl": 4844442896.845555}, "BNB": {"tvl": 4938262866.404909}}