{"BTC": {"tvl": 6778096899.565035}, "ETH": {"tvl": 67606023686.94964}, "SOL": {"tvl": 7981516625.57443}, "BNB": {"tvl": 6634403591.355531}}