{"BTC": {"tvl": 9056327019.051636}, "ETH": {"tvl": 95531468637.18285}, "SOL": {"tvl": 12840425029.308554}, "BNB": {"tvl": 8794876931.063398}}