{"BTC": {"tvl": 6871797567.531494}, "ETH": {"tvl": 69919192654.89415}, "SOL": {"tvl": 9241443324.410583}, "BNB": {"tvl": 6655710501.278881}}