{"BTC": {"tvl": 8178554744.636695}, "ETH": {"tvl": 86759734885.53264}, "SOL": {"tvl": 11330897015.323172}, "BNB": {"tvl": 8484505267.328007}}