{"BTC": {"tvl": 2907481675.6497183}, "ETH": {"tvl": 56074779791.873116}, "SOL": {"tvl": 6840079073.517725}, "BNB": {"tvl": 5734645822.915607}}