{"BTC": {"tvl": 5052905028.479575}, "ETH": {"tvl": 54765807995.041985}, "SOL": {"tvl": 6320765576.389775}, "BNB": {"tvl": 5393368693.372361}}