{"BTC": {"tvl": 8108811311.091749}, "ETH": {"tvl": 83282019968.89682}, "SOL": {"tvl": 11278415171.620562}, "BNB": {"tvl": 8665034443.223452}}