{"BTC": {"tvl": 4841478486.432439}, "ETH": {"tvl": 42346000960.89411}, "SOL": {"tvl": 5398393765.365624}, "BNB": {"tvl": 5842735888.039233}}