{"BTC": {"tvl": 3561427591.7385607}, "ETH": {"tvl": 40358477390.73773}, "SOL": {"tvl": 4880436657.35664}, "BNB": {"tvl": 4940821318.808412}}