{"BTC": {"tvl": 5074155842.37174}, "ETH": {"tvl": 53761479170.84417}, "SOL": {"tvl": 6533507220.397329}, "BNB": {"tvl": 5687199407.096116}}