{"BTC": {"tvl": 6874027014.855836}, "ETH": {"tvl": 69509904793.29475}, "SOL": {"tvl": 9206979642.860014}, "BNB": {"tvl": 6637974384.596172}}