{"BTC": {"tvl": 8372976694.719947}, "ETH": {"tvl": 89357354796.74654}, "SOL": {"tvl": 11792766404.994648}, "BNB": {"tvl": 8671982600.083279}}