{"BTC": {"tvl": 8269729002.511724}, "ETH": {"tvl": 88664351791.43547}, "SOL": {"tvl": 11671041104.155275}, "BNB": {"tvl": 8775435436.82843}}