{"BTC": {"tvl": 4886916551.001657}, "ETH": {"tvl": 54226859888.73517}, "SOL": {"tvl": 5757748631.566143}, "BNB": {"tvl": 5410019921.852049}}