{"BTC": {"tvl": 5307167815.932479}, "ETH": {"tvl": 45238439616.78362}, "SOL": {"tvl": 6191617147.272843}, "BNB": {"tvl": 5640713776.455119}}