{"BTC": {"tvl": 5089951538.565641}, "ETH": {"tvl": 46341023024.4994}, "SOL": {"tvl": 5583020835.510985}, "BNB": {"tvl": 5423264458.01948}}