{"BTC": {"tvl": 8152610069.649312}, "ETH": {"tvl": 85868787741.26181}, "SOL": {"tvl": 10783520713.766876}, "BNB": {"tvl": 7546639822.069201}}