{"BTC": {"tvl": 4402701545.356147}, "ETH": {"tvl": 54514105038.4281}, "SOL": {"tvl": 6608283789.508952}, "BNB": {"tvl": 5852992582.115297}}