{"BTC": {"tvl": 6423177690.477409}, "ETH": {"tvl": 66001979847.85323}, "SOL": {"tvl": 8850701390.077778}, "BNB": {"tvl": 6792443143.429662}}