{"BTC": {"tvl": 7060602635.204497}, "ETH": {"tvl": 72120884142.42706}, "SOL": {"tvl": 9020313676.116247}, "BNB": {"tvl": 6929045008.23935}}