{"BTC": {"tvl": 4528274884.083319}, "ETH": {"tvl": 52772301727.57151}, "SOL": {"tvl": 5443570863.000342}, "BNB": {"tvl": 5283965084.130849}}