{"BTC": {"tvl": 4400444010.765133}, "ETH": {"tvl": 55135670648.65218}, "SOL": {"tvl": 6576289988.083916}, "BNB": {"tvl": 6022020821.846668}}