{"BTC": {"tvl": 7109252876.988747}, "ETH": {"tvl": 73484602129.95177}, "SOL": {"tvl": 9494832754.984907}, "BNB": {"tvl": 7340971154.754748}}