{"BTC": {"tvl": 4100962889.7088127}, "ETH": {"tvl": 39840844996.53909}, "SOL": {"tvl": 5138928435.111719}, "BNB": {"tvl": 4972319368.402359}}