{"BTC": {"tvl": 7050818784.788975}, "ETH": {"tvl": 73437150542.7808}, "SOL": {"tvl": 9494756328.475973}, "BNB": {"tvl": 7215651656.327291}}