{"BTC": {"tvl": 3653456856.8450775}, "ETH": {"tvl": 39828464689.38364}, "SOL": {"tvl": 5056536220.325071}, "BNB": {"tvl": 4960407799.902019}}