{"BTC": {"tvl": 7971014126.282834}, "ETH": {"tvl": 84307243001.75832}, "SOL": {"tvl": 10915440325.882246}, "BNB": {"tvl": 8223998362.921323}}