{"BTC": {"tvl": 5130843905.657412}, "ETH": {"tvl": 44779222923.76166}, "SOL": {"tvl": 5482644257.286329}, "BNB": {"tvl": 5486817399.771307}}