{"BTC": {"tvl": 5232774865.134433}, "ETH": {"tvl": 45525430162.47339}, "SOL": {"tvl": 5476898777.055386}, "BNB": {"tvl": 5491867565.516981}}