{"BTC": {"tvl": 6812648810.6114025}, "ETH": {"tvl": 69053382146.01096}, "SOL": {"tvl": 8280979496.386602}, "BNB": {"tvl": 6589488485.583395}}