{"BTC": {"tvl": 8081675508.865714}, "ETH": {"tvl": 86993753061.55075}, "SOL": {"tvl": 11598634383.627577}, "BNB": {"tvl": 8603601901.5758}}