{"BTC": {"tvl": 7876024429.740257}, "ETH": {"tvl": 90758964840.13727}, "SOL": {"tvl": 11480383877.39291}, "BNB": {"tvl": 7390361771.061474}}