{"BTC": {"tvl": 5338414298.505694}, "ETH": {"tvl": 45795352466.21073}, "SOL": {"tvl": 6221164832.119098}, "BNB": {"tvl": 5734402949.961925}}