{"BTC": {"tvl": 4987437076.163588}, "ETH": {"tvl": 54218079448.795586}, "SOL": {"tvl": 6334170319.063515}, "BNB": {"tvl": 5336269388.796128}}