{"BTC": {"tvl": 8833986446.509104}, "ETH": {"tvl": 92399009981.8132}, "SOL": {"tvl": 12374627204.042074}, "BNB": {"tvl": 9180017227.223688}}