{"BTC": {"tvl": 6518393706.419598}, "ETH": {"tvl": 70244151205.85994}, "SOL": {"tvl": 8414727022.428036}, "BNB": {"tvl": 6922985099.525636}}