{"BTC": {"tvl": 8712606675.31778}, "ETH": {"tvl": 91440113943.39082}, "SOL": {"tvl": 12039000601.939497}, "BNB": {"tvl": 7988814683.98447}}