{"BTC": {"tvl": 8107547056.918896}, "ETH": {"tvl": 92398789324.40451}, "SOL": {"tvl": 12445296250.20462}, "BNB": {"tvl": 7557566106.342139}}