{"BTC": {"tvl": 6819013214.253178}, "ETH": {"tvl": 69700884956.38828}, "SOL": {"tvl": 8456986036.5715475}, "BNB": {"tvl": 6558517845.010344}}