{"BTC": {"tvl": 7486586851.942383}, "ETH": {"tvl": 75620380026.18617}, "SOL": {"tvl": 9225175500.864801}, "BNB": {"tvl": 7161527034.977937}}