{"BTC": {"tvl": 7908696880.769365}, "ETH": {"tvl": 91126745442.34312}, "SOL": {"tvl": 11619801565.748266}, "BNB": {"tvl": 7490193856.378839}}