{"BTC": {"tvl": 4253249883.6163774}, "ETH": {"tvl": 38006827996.40768}, "SOL": {"tvl": 4798556358.636076}, "BNB": {"tvl": 5282636595.002601}}