{"BTC": {"tvl": 8407637118.030318}, "ETH": {"tvl": 88705990970.62556}, "SOL": {"tvl": 11414630451.64057}, "BNB": {"tvl": 7878160451.455002}}