{"BTC": {"tvl": 7831219925.849223}, "ETH": {"tvl": 91659675059.90271}, "SOL": {"tvl": 11318111119.974407}, "BNB": {"tvl": 7461065466.37013}}