{"BTC": {"tvl": 2902959546.3666334}, "ETH": {"tvl": 56094366824.33756}, "SOL": {"tvl": 6774917546.087553}, "BNB": {"tvl": 5790752846.337529}}