{"BTC": {"tvl": 5209745719.280174}, "ETH": {"tvl": 55789524760.2816}, "SOL": {"tvl": 6594026678.1021805}, "BNB": {"tvl": 5768477512.048231}}