{"BTC": {"tvl": 5120240290.119523}, "ETH": {"tvl": 46541323974.194824}, "SOL": {"tvl": 5547273510.054454}, "BNB": {"tvl": 5451313242.371968}}