{"BTC": {"tvl": 8217686357.486366}, "ETH": {"tvl": 83836585800.89523}, "SOL": {"tvl": 10698238370.33241}, "BNB": {"tvl": 8666565928.44614}}