{"BTC": {"tvl": 8236375105.040586}, "ETH": {"tvl": 86959554151.97012}, "SOL": {"tvl": 10962877895.691961}, "BNB": {"tvl": 7738936850.077412}}