{"BTC": {"tvl": 5653364368.676594}, "ETH": {"tvl": 60015993958.36377}, "SOL": {"tvl": 7321356784.03359}, "BNB": {"tvl": 6047768911.275795}}