{"BTC": {"tvl": 5279251885.763684}, "ETH": {"tvl": 45418949730.9871}, "SOL": {"tvl": 5786601654.845777}, "BNB": {"tvl": 5597236381.1159115}}