{"BTC": {"tvl": 5074090249.1171665}, "ETH": {"tvl": 43529264595.56108}, "SOL": {"tvl": 5927132154.960022}, "BNB": {"tvl": 5466390112.299541}}