{"BTC": {"tvl": 4154290875.0719676}, "ETH": {"tvl": 37324278596.09931}, "SOL": {"tvl": 4590643717.467598}, "BNB": {"tvl": 5210969602.671487}}