{"BTC": {"tvl": 7849645328.318558}, "ETH": {"tvl": 84131488930.1307}, "SOL": {"tvl": 10974866160.330914}, "BNB": {"tvl": 8252776018.932296}}