{"BTC": {"tvl": 7725916055.133869}, "ETH": {"tvl": 94172674822.16365}, "SOL": {"tvl": 11230689652.071182}, "BNB": {"tvl": 7493686873.984421}}