{"BTC": {"tvl": 6682340141.934488}, "ETH": {"tvl": 69024003422.60129}, "SOL": {"tvl": 8349059267.382744}, "BNB": {"tvl": 6514468358.797311}}