{"BTC": {"tvl": 8608316596.00428}, "ETH": {"tvl": 96987654946.51135}, "SOL": {"tvl": 13093958246.525541}, "BNB": {"tvl": 7680954412.423256}}