{"BTC": {"tvl": 7109082238.19049}, "ETH": {"tvl": 73611597803.9545}, "SOL": {"tvl": 9472665472.49439}, "BNB": {"tvl": 7257819595.906152}}