{"BTC": {"tvl": 5310838938.766323}, "ETH": {"tvl": 45677415340.05235}, "SOL": {"tvl": 5807295395.31961}, "BNB": {"tvl": 5609386066.7618}}