{"BTC": {"tvl": 5080897286.582539}, "ETH": {"tvl": 43485660531.021484}, "SOL": {"tvl": 5932125871.027878}, "BNB": {"tvl": 5481128724.755438}}