{"BTC": {"tvl": 8482056665.844247}, "ETH": {"tvl": 88499688999.05133}, "SOL": {"tvl": 11577490871.374277}, "BNB": {"tvl": 7862811676.133984}}