{"BTC": {"tvl": 7592439210.155314}, "ETH": {"tvl": 75788225275.06161}, "SOL": {"tvl": 10100163176.079887}, "BNB": {"tvl": 7631657059.849816}}