{"BTC": {"tvl": 6572536377.436062}, "ETH": {"tvl": 68584781624.89638}, "SOL": {"tvl": 8838238166.319674}, "BNB": {"tvl": 7013302619.221743}}