{"BTC": {"tvl": 6684615350.0830965}, "ETH": {"tvl": 71161878073.37871}, "SOL": {"tvl": 9204464474.32861}, "BNB": {"tvl": 7124915651.758087}}