{"BTC": {"tvl": 5355929384.217201}, "ETH": {"tvl": 45954354984.288536}, "SOL": {"tvl": 5549991415.203756}, "BNB": {"tvl": 5564537953.471166}}