{"BTC": {"tvl": 5150627224.583633}, "ETH": {"tvl": 46431078515.28502}, "SOL": {"tvl": 5585152702.336}, "BNB": {"tvl": 5446200382.880722}}