{"BTC": {"tvl": 3468871664.290095}, "ETH": {"tvl": 39165378329.62809}, "SOL": {"tvl": 4977632689.2841425}, "BNB": {"tvl": 4862686412.449731}}