{"BTC": {"tvl": 8055947462.561636}, "ETH": {"tvl": 85048673873.01363}, "SOL": {"tvl": 11240333976.739655}, "BNB": {"tvl": 8338718772.263307}}