{"BTC": {"tvl": 5030516978.537535}, "ETH": {"tvl": 54248970997.954254}, "SOL": {"tvl": 6446602447.002381}, "BNB": {"tvl": 5626916535.272748}}