{"BTC": {"tvl": 4940272345.248887}, "ETH": {"tvl": 53974536345.47216}, "SOL": {"tvl": 6447291881.218942}, "BNB": {"tvl": 5712873039.445033}}