{"BTC": {"tvl": 4572348918.486792}, "ETH": {"tvl": 53051642444.23125}, "SOL": {"tvl": 5460537566.785225}, "BNB": {"tvl": 5302164302.390532}}