{"BTC": {"tvl": 6995992547.576194}, "ETH": {"tvl": 69909627477.04988}, "SOL": {"tvl": 8504432459.0420885}, "BNB": {"tvl": 6893437416.762673}}