{"BTC": {"tvl": 7851106056.929292}, "ETH": {"tvl": 84272792500.86865}, "SOL": {"tvl": 10971856522.38102}, "BNB": {"tvl": 8239301731.569701}}