{"BTC": {"tvl": 4931669643.72046}, "ETH": {"tvl": 41892331963.82852}, "SOL": {"tvl": 5365392878.499641}, "BNB": {"tvl": 5462363278.875803}}