{"BTC": {"tvl": 3431042847.7778344}, "ETH": {"tvl": 39179490916.830185}, "SOL": {"tvl": 4939665198.2062845}, "BNB": {"tvl": 4860926036.856846}}