{"BTC": {"tvl": 5201495315.956847}, "ETH": {"tvl": 56544565877.5882}, "SOL": {"tvl": 6531124747.064856}, "BNB": {"tvl": 5513666853.154942}}