{"BTC": {"tvl": 4866732369.555763}, "ETH": {"tvl": 54285622124.51433}, "SOL": {"tvl": 5743780071.350058}, "BNB": {"tvl": 5377035797.092607}}