{"BTC": {"tvl": 8773493760.538044}, "ETH": {"tvl": 95480696996.22923}, "SOL": {"tvl": 12859802313.587248}, "BNB": {"tvl": 7853611074.662536}}