{"BTC": {"tvl": 8617613620.300798}, "ETH": {"tvl": 94336810568.06793}, "SOL": {"tvl": 12874516933.827232}, "BNB": {"tvl": 7636816220.300532}}