{"BTC": {"tvl": 5281625048.998116}, "ETH": {"tvl": 45615926299.487495}, "SOL": {"tvl": 5793170165.736577}, "BNB": {"tvl": 5603452759.0852995}}