{"BTC": {"tvl": 8183959587.219454}, "ETH": {"tvl": 85565899437.97337}, "SOL": {"tvl": 11419244556.012957}, "BNB": {"tvl": 8759565050.319231}}