{"BTC": {"tvl": 6847918711.202239}, "ETH": {"tvl": 69620378937.67822}, "SOL": {"tvl": 8266756555.440095}, "BNB": {"tvl": 6781217057.546573}}