{"BTC": {"tvl": 7906513194.66785}, "ETH": {"tvl": 82763471703.35663}, "SOL": {"tvl": 10919779959.456953}, "BNB": {"tvl": 8043815976.15096}}