{"BTC": {"tvl": 7567390680.065124}, "ETH": {"tvl": 91543808127.64214}, "SOL": {"tvl": 10618458712.99066}, "BNB": {"tvl": 7097552644.027502}}