{"BTC": {"tvl": 5438084539.079657}, "ETH": {"tvl": 46335958480.19389}, "SOL": {"tvl": 5603204406.606553}, "BNB": {"tvl": 5615613542.447502}}