{"BTC": {"tvl": 7647653490.792937}, "ETH": {"tvl": 91556396972.45013}, "SOL": {"tvl": 10645521589.479769}, "BNB": {"tvl": 7162597753.462586}}