{"BTC": {"tvl": 4368130578.529083}, "ETH": {"tvl": 53228544119.67605}, "SOL": {"tvl": 6404830125.619587}, "BNB": {"tvl": 5504124195.038742}}