{"BTC": {"tvl": 5071275758.742234}, "ETH": {"tvl": 54368506057.59525}, "SOL": {"tvl": 6475982119.101611}, "BNB": {"tvl": 5645236673.710759}}