{"BTC": {"tvl": 5069389033.32525}, "ETH": {"tvl": 43225490904.09692}, "SOL": {"tvl": 5910820900.611943}, "BNB": {"tvl": 5467105869.097759}}