{"BTC": {"tvl": 8510981966.016997}, "ETH": {"tvl": 88807524040.36609}, "SOL": {"tvl": 11413062820.421782}, "BNB": {"tvl": 7923185044.546689}}