{"BTC": {"tvl": 5124413459.112356}, "ETH": {"tvl": 44822844066.09135}, "SOL": {"tvl": 5478135309.281879}, "BNB": {"tvl": 5493485484.002535}}