{"BTC": {"tvl": 5243655838.380239}, "ETH": {"tvl": 45069833302.64511}, "SOL": {"tvl": 5550818683.941871}, "BNB": {"tvl": 5585367213.89818}}