{"BTC": {"tvl": 6869467349.131714}, "ETH": {"tvl": 68943668960.16689}, "SOL": {"tvl": 8443418051.951395}, "BNB": {"tvl": 6518233194.06977}}