{"BTC": {"tvl": 4805922538.503118}, "ETH": {"tvl": 42221234594.426704}, "SOL": {"tvl": 5387269410.684786}, "BNB": {"tvl": 5599104073.884396}}