{"BTC": {"tvl": 4474506343.922869}, "ETH": {"tvl": 54775709404.31602}, "SOL": {"tvl": 6635075352.648423}, "BNB": {"tvl": 5655832352.189863}}