{"BTC": {"tvl": 8310380942.68663}, "ETH": {"tvl": 89343907777.66559}, "SOL": {"tvl": 11760624172.431683}, "BNB": {"tvl": 8734615400.859756}}