{"BTC": {"tvl": 7888853294.14282}, "ETH": {"tvl": 83300146889.0036}, "SOL": {"tvl": 10796420402.695705}, "BNB": {"tvl": 8187946510.300701}}