{"BTC": {"tvl": 7856834908.614424}, "ETH": {"tvl": 91236745151.81071}, "SOL": {"tvl": 11427696922.952326}, "BNB": {"tvl": 7458839728.937855}}