{"BTC": {"tvl": 6838566995.909512}, "ETH": {"tvl": 69197359378.06026}, "SOL": {"tvl": 8512809196.780912}, "BNB": {"tvl": 6493322662.056032}}