{"BTC": {"tvl": 5295796042.264379}, "ETH": {"tvl": 45202737367.057884}, "SOL": {"tvl": 5807069029.703874}, "BNB": {"tvl": 5617164836.073909}}