{"BTC": {"tvl": 4491637525.509038}, "ETH": {"tvl": 55865599548.575966}, "SOL": {"tvl": 6619702089.81215}, "BNB": {"tvl": 5881062567.985269}}