{"BTC": {"tvl": 6952262310.654792}, "ETH": {"tvl": 71351861061.86594}, "SOL": {"tvl": 8862189060.011566}, "BNB": {"tvl": 6838990770.696182}}