{"BTC": {"tvl": 7875872001.906444}, "ETH": {"tvl": 90456394775.73404}, "SOL": {"tvl": 11418938526.801744}, "BNB": {"tvl": 7430402802.543058}}