{"BTC": {"tvl": 7351109091.435543}, "ETH": {"tvl": 75343088292.88812}, "SOL": {"tvl": 9047333385.657816}, "BNB": {"tvl": 7165426464.970251}}