{"BTC": {"tvl": 3715355025.6167417}, "ETH": {"tvl": 41330023911.68875}, "SOL": {"tvl": 4920169497.243463}, "BNB": {"tvl": 4975105426.764717}}