{"BTC": {"tvl": 5085936694.9715}, "ETH": {"tvl": 42995004579.682495}, "SOL": {"tvl": 5996541774.981082}, "BNB": {"tvl": 5507834279.751771}}