{"BTC": {"tvl": 6929346660.334056}, "ETH": {"tvl": 69786967149.56886}, "SOL": {"tvl": 8777139586.782812}, "BNB": {"tvl": 6816538561.859255}}