{"BTC": {"tvl": 4512404948.02301}, "ETH": {"tvl": 53958597293.30811}, "SOL": {"tvl": 6682157133.767671}, "BNB": {"tvl": 5472651164.893025}}