{"BTC": {"tvl": 8074195101.153876}, "ETH": {"tvl": 94417661724.3073}, "SOL": {"tvl": 11500777006.301983}, "BNB": {"tvl": 7538245949.964504}}