{"BTC": {"tvl": 7982412953.70745}, "ETH": {"tvl": 91166742780.59431}, "SOL": {"tvl": 12350646619.89391}, "BNB": {"tvl": 7467224840.43578}}