{"BTC": {"tvl": 8137567306.0472975}, "ETH": {"tvl": 85915277921.57893}, "SOL": {"tvl": 11063682944.647844}, "BNB": {"tvl": 7660479339.052481}}