{"BTC": {"tvl": 4219886532.8518834}, "ETH": {"tvl": 39028598123.18375}, "SOL": {"tvl": 4856825140.734619}, "BNB": {"tvl": 5129598071.949885}}