{"BTC": {"tvl": 5192900583.083718}, "ETH": {"tvl": 45313935266.60134}, "SOL": {"tvl": 5539103896.330364}, "BNB": {"tvl": 5528550840.695681}}