{"BTC": {"tvl": 4804630448.57456}, "ETH": {"tvl": 54035113967.35502}, "SOL": {"tvl": 5701433307.143861}, "BNB": {"tvl": 5366627844.324912}}