{"BTC": {"tvl": 8351155334.603048}, "ETH": {"tvl": 88770542329.50536}, "SOL": {"tvl": 11351087673.54621}, "BNB": {"tvl": 7829280664.3068}}