{"BTC": {"tvl": 5269656383.699283}, "ETH": {"tvl": 45308554008.83974}, "SOL": {"tvl": 6154502126.369537}, "BNB": {"tvl": 5689260828.300663}}