{"BTC": {"tvl": 5240533959.403913}, "ETH": {"tvl": 56994932730.43035}, "SOL": {"tvl": 6054921887.834589}, "BNB": {"tvl": 5691342413.478408}}