{"BTC": {"tvl": 5010710982.46059}, "ETH": {"tvl": 55565924959.88985}, "SOL": {"tvl": 5773582026.290401}, "BNB": {"tvl": 5422650733.695097}}