{"BTC": {"tvl": 5266993924.893016}, "ETH": {"tvl": 45037721092.338}, "SOL": {"tvl": 6038480338.32129}, "BNB": {"tvl": 5690257874.331634}}