{"BTC": {"tvl": 4365639522.619368}, "ETH": {"tvl": 53226486979.16387}, "SOL": {"tvl": 6532519952.4203615}, "BNB": {"tvl": 5554870606.366058}}