{"BTC": {"tvl": 6577066387.133711}, "ETH": {"tvl": 68178928346.3129}, "SOL": {"tvl": 9023037334.131632}, "BNB": {"tvl": 6968126167.9477005}}