{"BTC": {"tvl": 8153806214.090398}, "ETH": {"tvl": 85987097272.91936}, "SOL": {"tvl": 11085380291.324905}, "BNB": {"tvl": 7625538417.634647}}