{"BTC": {"tvl": 6524638264.910544}, "ETH": {"tvl": 70013177815.33176}, "SOL": {"tvl": 8509378090.513441}, "BNB": {"tvl": 6800013899.616613}}