{"BTC": {"tvl": 4204805227.0323224}, "ETH": {"tvl": 38927037088.084946}, "SOL": {"tvl": 4855440267.227834}, "BNB": {"tvl": 5120353941.135416}}