{"BTC": {"tvl": 7897319132.348548}, "ETH": {"tvl": 90932003073.28137}, "SOL": {"tvl": 12209737090.79391}, "BNB": {"tvl": 7442282107.06471}}