{"BTC": {"tvl": 5082170522.494663}, "ETH": {"tvl": 44512177520.884766}, "SOL": {"tvl": 5463140679.242713}, "BNB": {"tvl": 5471381873.402966}}