{"BTC": {"tvl": 3093226491.0682325}, "ETH": {"tvl": 59534234154.280556}, "SOL": {"tvl": 7194688399.057035}, "BNB": {"tvl": 5946001540.215828}}