{"BTC": {"tvl": 3040297711.59165}, "ETH": {"tvl": 59029987054.95164}, "SOL": {"tvl": 7166362774.17887}, "BNB": {"tvl": 5906537272.474046}}