{"BTC": {"tvl": 7086996884.447224}, "ETH": {"tvl": 73450064201.92899}, "SOL": {"tvl": 9435335730.815458}, "BNB": {"tvl": 7298661751.189174}}