{"BTC": {"tvl": 4589375984.713982}, "ETH": {"tvl": 53625702103.780106}, "SOL": {"tvl": 6400969090.795313}, "BNB": {"tvl": 5318492281.06108}}