{"BTC": {"tvl": 4508375997.566048}, "ETH": {"tvl": 54262764124.801346}, "SOL": {"tvl": 6543981103.956956}, "BNB": {"tvl": 5357760814.764011}}