{"BTC": {"tvl": 8277944276.390829}, "ETH": {"tvl": 87902200716.84024}, "SOL": {"tvl": 11733361320.27176}, "BNB": {"tvl": 8619212447.496262}}