{"BTC": {"tvl": 4809531362.732855}, "ETH": {"tvl": 42106477061.88122}, "SOL": {"tvl": 5383019628.733012}, "BNB": {"tvl": 5591146393.12456}}