{"BTC": {"tvl": 6816833256.928207}, "ETH": {"tvl": 69230188927.98198}, "SOL": {"tvl": 8537917149.491419}, "BNB": {"tvl": 6508911981.20389}}