{"BTC": {"tvl": 7757080895.47293}, "ETH": {"tvl": 94550005676.60602}, "SOL": {"tvl": 11284918722.280462}, "BNB": {"tvl": 7523922590.386958}}