{"BTC": {"tvl": 4542573839.561353}, "ETH": {"tvl": 41374482878.33154}, "SOL": {"tvl": 5227341857.457537}, "BNB": {"tvl": 5554678571.050503}}