{"BTC": {"tvl": 3541798942.4879827}, "ETH": {"tvl": 39213806750.59598}, "SOL": {"tvl": 4984792537.269744}, "BNB": {"tvl": 4923495933.83382}}