{"BTC": {"tvl": 4948763656.860472}, "ETH": {"tvl": 54609100966.08955}, "SOL": {"tvl": 5783293045.69686}, "BNB": {"tvl": 5410556179.637385}}