{"BTC": {"tvl": 8114033713.496491}, "ETH": {"tvl": 85238717735.45172}, "SOL": {"tvl": 11424655147.300528}, "BNB": {"tvl": 8447479174.373169}}