{"BTC": {"tvl": 5005927856.700106}, "ETH": {"tvl": 42931889027.208466}, "SOL": {"tvl": 5384783955.866898}, "BNB": {"tvl": 5564964546.638896}}