{"BTC": {"tvl": 8134299400.5234165}, "ETH": {"tvl": 85855977037.98276}, "SOL": {"tvl": 11041114387.453896}, "BNB": {"tvl": 7619022242.3461895}}