{"BTC": {"tvl": 7091571175.972109}, "ETH": {"tvl": 72521206033.9313}, "SOL": {"tvl": 9049504066.397701}, "BNB": {"tvl": 6985019350.042081}}