{"BTC": {"tvl": 7251482213.535459}, "ETH": {"tvl": 75324535068.11365}, "SOL": {"tvl": 9052023045.825254}, "BNB": {"tvl": 6940875737.12662}}