{"BTC": {"tvl": 8137139099.812437}, "ETH": {"tvl": 84316373634.59561}, "SOL": {"tvl": 11317204520.692234}, "BNB": {"tvl": 8725238723.182972}}