{"BTC": {"tvl": 4087676211.967052}, "ETH": {"tvl": 37125867886.30189}, "SOL": {"tvl": 4799562002.008798}, "BNB": {"tvl": 5159552595.83796}}