{"BTC": {"tvl": 5216514423.130482}, "ETH": {"tvl": 56838579003.10804}, "SOL": {"tvl": 5982648313.442928}, "BNB": {"tvl": 5691696590.076487}}