{"BTC": {"tvl": 5179045638.85239}, "ETH": {"tvl": 45371048553.13141}, "SOL": {"tvl": 5560501986.828794}, "BNB": {"tvl": 5580448197.008758}}