{"BTC": {"tvl": 4848963212.932277}, "ETH": {"tvl": 54445091034.44663}, "SOL": {"tvl": 5694169067.800019}, "BNB": {"tvl": 5415056539.148201}}