{"BTC": {"tvl": 8625551565.258776}, "ETH": {"tvl": 96013656045.69467}, "SOL": {"tvl": 13023130444.342955}, "BNB": {"tvl": 7657760570.750354}}