{"BTC": {"tvl": 7097681293.484798}, "ETH": {"tvl": 74455604900.21742}, "SOL": {"tvl": 8934509978.477133}, "BNB": {"tvl": 6856586046.9901085}}