{"BTC": {"tvl": 6836989033.210822}, "ETH": {"tvl": 68854544427.98473}, "SOL": {"tvl": 8399626012.790547}, "BNB": {"tvl": 6502662518.673299}}