{"BTC": {"tvl": 6644389860.22372}, "ETH": {"tvl": 71107721884.99953}, "SOL": {"tvl": 8425200919.17894}, "BNB": {"tvl": 6842805817.850044}}