{"BTC": {"tvl": 7990871270.459595}, "ETH": {"tvl": 92647665766.3381}, "SOL": {"tvl": 11644271612.671038}, "BNB": {"tvl": 7446034801.901883}}