{"BTC": {"tvl": 8346973314.9592495}, "ETH": {"tvl": 89491915147.08182}, "SOL": {"tvl": 11792894795.569462}, "BNB": {"tvl": 8864707479.893435}}