{"BTC": {"tvl": 8142161999.23862}, "ETH": {"tvl": 85738788630.464}, "SOL": {"tvl": 11057283342.075352}, "BNB": {"tvl": 7620172345.362818}}