{"BTC": {"tvl": 4854399928.574886}, "ETH": {"tvl": 54858466972.128555}, "SOL": {"tvl": 5665453699.34331}, "BNB": {"tvl": 5456394785.287815}}