{"BTC": {"tvl": 8208969973.042442}, "ETH": {"tvl": 86902750642.60007}, "SOL": {"tvl": 11394670817.320372}, "BNB": {"tvl": 8691217647.316708}}