{"BTC": {"tvl": 7911775473.518377}, "ETH": {"tvl": 82876019663.83884}, "SOL": {"tvl": 10878628341.287054}, "BNB": {"tvl": 8060772847.670491}}