{"BTC": {"tvl": 8110072014.345456}, "ETH": {"tvl": 93499803988.64536}, "SOL": {"tvl": 11664286748.670584}, "BNB": {"tvl": 7654471308.192691}}