{"BTC": {"tvl": 4432665741.17699}, "ETH": {"tvl": 54071373503.94298}, "SOL": {"tvl": 6678209226.756826}, "BNB": {"tvl": 5602599323.452974}}