{"BTC": {"tvl": 4260406060.7254887}, "ETH": {"tvl": 39195758727.263916}, "SOL": {"tvl": 4886712943.895529}, "BNB": {"tvl": 5208563691.652471}}