{"BTC": {"tvl": 4346634931.098295}, "ETH": {"tvl": 39785519936.06089}, "SOL": {"tvl": 4905768790.433211}, "BNB": {"tvl": 5290197564.997885}}