{"BTC": {"tvl": 8693695467.458605}, "ETH": {"tvl": 93821509035.0251}, "SOL": {"tvl": 12501261381.20318}, "BNB": {"tvl": 7709922087.315266}}