{"BTC": {"tvl": 5308593673.284552}, "ETH": {"tvl": 45608113759.434525}, "SOL": {"tvl": 5793922781.513672}, "BNB": {"tvl": 5614442623.901421}}