{"BTC": {"tvl": 2874807950.5260677}, "ETH": {"tvl": 55415033106.386246}, "SOL": {"tvl": 6855002009.626399}, "BNB": {"tvl": 5681096115.056023}}