{"BTC": {"tvl": 4518981846.888291}, "ETH": {"tvl": 52996207281.855736}, "SOL": {"tvl": 6377744156.228679}, "BNB": {"tvl": 5279615106.893369}}