{"BTC": {"tvl": 6677451203.969397}, "ETH": {"tvl": 71871443031.62746}, "SOL": {"tvl": 8977788211.978687}, "BNB": {"tvl": 7003787824.617382}}