{"BTC": {"tvl": 6672165083.617513}, "ETH": {"tvl": 68524838552.06771}, "SOL": {"tvl": 8582852307.138159}, "BNB": {"tvl": 6596031925.49929}}