{"BTC": {"tvl": 4030868237.412864}, "ETH": {"tvl": 39278557231.21871}, "SOL": {"tvl": 5055373652.74246}, "BNB": {"tvl": 4919213403.696773}}