{"BTC": {"tvl": 4139004880.51923}, "ETH": {"tvl": 37507256020.84985}, "SOL": {"tvl": 4893421757.927813}, "BNB": {"tvl": 5198927187.271831}}