{"BTC": {"tvl": 2877757101.2711453}, "ETH": {"tvl": 55773516065.71816}, "SOL": {"tvl": 6765647409.553868}, "BNB": {"tvl": 5847155263.48259}}