{"BTC": {"tvl": 6911178828.535244}, "ETH": {"tvl": 69916940283.8642}, "SOL": {"tvl": 8276166684.402165}, "BNB": {"tvl": 6826849422.353355}}