{"BTC": {"tvl": 4279440078.3857126}, "ETH": {"tvl": 39374457121.40508}, "SOL": {"tvl": 4884612987.122634}, "BNB": {"tvl": 5260665164.309158}}