{"BTC": {"tvl": 3720225191.8697877}, "ETH": {"tvl": 41193171722.82997}, "SOL": {"tvl": 4918717232.340071}, "BNB": {"tvl": 4955594481.532206}}