{"BTC": {"tvl": 2936383078.984592}, "ETH": {"tvl": 57046147378.22819}, "SOL": {"tvl": 6901613415.701451}, "BNB": {"tvl": 5758810097.043841}}