{"BTC": {"tvl": 5099197608.624749}, "ETH": {"tvl": 43198375069.11065}, "SOL": {"tvl": 6039618810.627429}, "BNB": {"tvl": 5546561055.777098}}