{"BTC": {"tvl": 9143550837.715553}, "ETH": {"tvl": 97108796785.06209}, "SOL": {"tvl": 12902793397.373335}, "BNB": {"tvl": 8867513543.578032}}