{"BTC": {"tvl": 8188049366.933262}, "ETH": {"tvl": 85309757557.16818}, "SOL": {"tvl": 11407308638.9212}, "BNB": {"tvl": 8714747482.640238}}