{"BTC": {"tvl": 3755822036.7261643}, "ETH": {"tvl": 41601308904.64884}, "SOL": {"tvl": 4941944377.291615}, "BNB": {"tvl": 4987319895.905541}}