{"BTC": {"tvl": 3485233193.701989}, "ETH": {"tvl": 38986230578.253586}, "SOL": {"tvl": 4933358566.8774}, "BNB": {"tvl": 4895265883.719553}}