{"BTC": {"tvl": 7470907429.210004}, "ETH": {"tvl": 75751743247.54526}, "SOL": {"tvl": 9200998573.114126}, "BNB": {"tvl": 7177964006.899425}}