{"BTC": {"tvl": 8781970005.131014}, "ETH": {"tvl": 93649304266.92648}, "SOL": {"tvl": 12552551434.280825}, "BNB": {"tvl": 8183435510.0470085}}