{"BTC": {"tvl": 4195256839.1964827}, "ETH": {"tvl": 40906928956.73083}, "SOL": {"tvl": 4870596041.490373}, "BNB": {"tvl": 4865999866.405317}}