{"BTC": {"tvl": 6211815378.810046}, "ETH": {"tvl": 66188756314.28083}, "SOL": {"tvl": 9202841180.717386}, "BNB": {"tvl": 6589410141.682623}}