{"BTC": {"tvl": 6106248964.917209}, "ETH": {"tvl": 66250621244.96213}, "SOL": {"tvl": 9166380648.279655}, "BNB": {"tvl": 6467332809.610656}}