{"BTC": {"tvl": 7932770022.757951}, "ETH": {"tvl": 82501699456.06052}, "SOL": {"tvl": 10919482408.732649}, "BNB": {"tvl": 8188928957.091352}}