{"BTC": {"tvl": 6827865108.964364}, "ETH": {"tvl": 68628142338.54481}, "SOL": {"tvl": 8386787493.800045}, "BNB": {"tvl": 6448205529.767323}}