{"BTC": {"tvl": 4815445639.605957}, "ETH": {"tvl": 53812164048.59842}, "SOL": {"tvl": 5694062735.3298025}, "BNB": {"tvl": 5352050117.820101}}