{"BTC": {"tvl": 4226516128.218909}, "ETH": {"tvl": 41164673781.20686}, "SOL": {"tvl": 4876152139.17945}, "BNB": {"tvl": 4909981881.667562}}