{"BTC": {"tvl": 3416877831.701588}, "ETH": {"tvl": 38944315289.4062}, "SOL": {"tvl": 4921642926.524354}, "BNB": {"tvl": 4842213854.363562}}