{"BTC": {"tvl": 7947793931.472557}, "ETH": {"tvl": 90585760261.98318}, "SOL": {"tvl": 11426281930.860983}, "BNB": {"tvl": 7367742235.602602}}