{"BTC": {"tvl": 6492239231.726388}, "ETH": {"tvl": 70612899615.10237}, "SOL": {"tvl": 8910551144.349886}, "BNB": {"tvl": 7015721248.718429}}