{"BTC": {"tvl": 3558997994.860344}, "ETH": {"tvl": 39693089277.985374}, "SOL": {"tvl": 4808425871.634262}, "BNB": {"tvl": 4873954394.94492}}