{"BTC": {"tvl": 8743374710.163382}, "ETH": {"tvl": 94212141313.1996}, "SOL": {"tvl": 12567181977.67842}, "BNB": {"tvl": 7736167461.906092}}