{"BTC": {"tvl": 6942370561.927038}, "ETH": {"tvl": 69746949144.41566}, "SOL": {"tvl": 8553769099.9693165}, "BNB": {"tvl": 6821952214.400855}}