{"BTC": {"tvl": 3978487247.225924}, "ETH": {"tvl": 37443069934.02842}, "SOL": {"tvl": 4694035479.51284}, "BNB": {"tvl": 5008596464.671728}}