{"BTC": {"tvl": 8160265753.396094}, "ETH": {"tvl": 86162986834.05826}, "SOL": {"tvl": 11100085907.877966}, "BNB": {"tvl": 7586430125.538961}}