{"BTC": {"tvl": 3007383975.4606323}, "ETH": {"tvl": 57582687343.58323}, "SOL": {"tvl": 7002207729.023449}, "BNB": {"tvl": 5880415084.373907}}