{"BTC": {"tvl": 6826733475.402946}, "ETH": {"tvl": 71210891351.68932}, "SOL": {"tvl": 9351026635.126932}, "BNB": {"tvl": 7156661648.096407}}