{"BTC": {"tvl": 7347085724.3302555}, "ETH": {"tvl": 87408646221.27554}, "SOL": {"tvl": 10251317153.653372}, "BNB": {"tvl": 7249297165.130304}}