{"BTC": {"tvl": 5066445282.860303}, "ETH": {"tvl": 55425872682.13163}, "SOL": {"tvl": 5927241206.869918}, "BNB": {"tvl": 5565535042.322071}}