{"BTC": {"tvl": 6869690219.294353}, "ETH": {"tvl": 68701559192.80164}, "SOL": {"tvl": 8474718735.31963}, "BNB": {"tvl": 6419446437.892973}}