{"BTC": {"tvl": 8884404302.942368}, "ETH": {"tvl": 96368968748.50743}, "SOL": {"tvl": 12862126837.274817}, "BNB": {"tvl": 7925456975.618997}}