{"BTC": {"tvl": 7651308009.495953}, "ETH": {"tvl": 91869934374.15295}, "SOL": {"tvl": 10637331661.762465}, "BNB": {"tvl": 7359308690.543018}}