{"BTC": {"tvl": 7638827002.294572}, "ETH": {"tvl": 91678350408.7885}, "SOL": {"tvl": 10628735772.14389}, "BNB": {"tvl": 7362512350.91033}}