{"BTC": {"tvl": 5292856699.701194}, "ETH": {"tvl": 55127261863.06343}, "SOL": {"tvl": 6501352634.555317}, "BNB": {"tvl": 5533569910.203358}}