{"BTC": {"tvl": 5059536000.627587}, "ETH": {"tvl": 55425837384.72057}, "SOL": {"tvl": 5971160149.266472}, "BNB": {"tvl": 5554805462.789967}}