{"BTC": {"tvl": 7699775586.149429}, "ETH": {"tvl": 76767563566.05852}, "SOL": {"tvl": 10189467954.021202}, "BNB": {"tvl": 7723858693.324217}}