{"BTC": {"tvl": 6945168557.762703}, "ETH": {"tvl": 70984862468.78455}, "SOL": {"tvl": 8792323440.247068}, "BNB": {"tvl": 6733248021.074607}}