{"BTC": {"tvl": 3884297694.92086}, "ETH": {"tvl": 55717127567.54917}, "SOL": {"tvl": 6697515439.83908}, "BNB": {"tvl": 5425537964.245047}}