{"BTC": {"tvl": 8955192601.989645}, "ETH": {"tvl": 94113982579.54675}, "SOL": {"tvl": 12535076090.933655}, "BNB": {"tvl": 9242393285.37677}}