{"BTC": {"tvl": 6499633792.248683}, "ETH": {"tvl": 69406236709.35233}, "SOL": {"tvl": 8843981836.930895}, "BNB": {"tvl": 6978604484.175401}}