{"BTC": {"tvl": 7903198777.741255}, "ETH": {"tvl": 91181627267.6565}, "SOL": {"tvl": 11448395669.765259}, "BNB": {"tvl": 7475702886.037095}}