{"BTC": {"tvl": 7852260086.4643345}, "ETH": {"tvl": 91549749798.63953}, "SOL": {"tvl": 11320792689.74171}, "BNB": {"tvl": 7409555322.234949}}