{"BTC": {"tvl": 7363904056.706489}, "ETH": {"tvl": 75060051197.38023}, "SOL": {"tvl": 9074630541.82512}, "BNB": {"tvl": 7151478162.470792}}