{"BTC": {"tvl": 8048397609.59772}, "ETH": {"tvl": 85242749033.23701}, "SOL": {"tvl": 11317128625.664883}, "BNB": {"tvl": 8375641225.5256195}}