{"BTC": {"tvl": 5352277348.174483}, "ETH": {"tvl": 45940798335.70796}, "SOL": {"tvl": 5458087981.564595}, "BNB": {"tvl": 5538313096.256662}}