{"BTC": {"tvl": 5029875403.243894}, "ETH": {"tvl": 55029367106.7302}, "SOL": {"tvl": 6366599432.104905}, "BNB": {"tvl": 5555400759.60752}}