{"BTC": {"tvl": 3974946275.441752}, "ETH": {"tvl": 37837611271.53244}, "SOL": {"tvl": 4844612687.1198225}, "BNB": {"tvl": 4975689716.249977}}