{"BTC": {"tvl": 7857015405.558752}, "ETH": {"tvl": 83867412924.59178}, "SOL": {"tvl": 10886853250.058279}, "BNB": {"tvl": 8233676138.604675}}