{"BTC": {"tvl": 4029349591.3114467}, "ETH": {"tvl": 38998877880.14003}, "SOL": {"tvl": 5047666019.551807}, "BNB": {"tvl": 4907940052.760566}}