{"BTC": {"tvl": 5219285848.550727}, "ETH": {"tvl": 45673622752.69554}, "SOL": {"tvl": 5423101910.21776}, "BNB": {"tvl": 5462002466.6398535}}