{"BTC": {"tvl": 5295634503.213185}, "ETH": {"tvl": 46834796038.35083}, "SOL": {"tvl": 5662318491.014182}, "BNB": {"tvl": 5591592367.974153}}