{"BTC": {"tvl": 4216182975.069922}, "ETH": {"tvl": 41358783062.98317}, "SOL": {"tvl": 4900988566.194465}, "BNB": {"tvl": 4891314549.724095}}