{"BTC": {"tvl": 6791494196.886427}, "ETH": {"tvl": 69574493412.94519}, "SOL": {"tvl": 9000831994.975378}, "BNB": {"tvl": 7077171866.797752}}