{"BTC": {"tvl": 7981612944.603839}, "ETH": {"tvl": 85141889089.57147}, "SOL": {"tvl": 11078577630.195478}, "BNB": {"tvl": 8220652531.068426}}