{"BTC": {"tvl": 6425101464.377662}, "ETH": {"tvl": 67782326336.92519}, "SOL": {"tvl": 9060945035.17693}, "BNB": {"tvl": 6894014443.573411}}