{"BTC": {"tvl": 5186850303.835514}, "ETH": {"tvl": 44197702674.00713}, "SOL": {"tvl": 5990079783.807577}, "BNB": {"tvl": 5561361608.878197}}