{"BTC": {"tvl": 5459332965.890396}, "ETH": {"tvl": 46665994521.32194}, "SOL": {"tvl": 5630247430.462341}, "BNB": {"tvl": 5635054608.966338}}