{"BTC": {"tvl": 5130401311.647519}, "ETH": {"tvl": 49065374146.047905}, "SOL": {"tvl": 5734892663.845413}, "BNB": {"tvl": 5471964470.740103}}