{"BTC": {"tvl": 8146781418.04491}, "ETH": {"tvl": 86825953346.10194}, "SOL": {"tvl": 11594926031.005865}, "BNB": {"tvl": 8592771495.03423}}