{"BTC": {"tvl": 4154808604.614835}, "ETH": {"tvl": 40669277143.28023}, "SOL": {"tvl": 4815367687.394955}, "BNB": {"tvl": 4908311514.974137}}