{"BTC": {"tvl": 3926545979.2426324}, "ETH": {"tvl": 37282411436.05914}, "SOL": {"tvl": 4885098124.627648}, "BNB": {"tvl": 4870082095.7193365}}