{"BTC": {"tvl": 8080534875.997542}, "ETH": {"tvl": 94328159985.13731}, "SOL": {"tvl": 11335229027.378849}, "BNB": {"tvl": 7721808326.287605}}