{"BTC": {"tvl": 8719147789.090595}, "ETH": {"tvl": 95133218606.46303}, "SOL": {"tvl": 12438692274.707678}, "BNB": {"tvl": 7927185119.062028}}