{"BTC": {"tvl": 4742579978.417259}, "ETH": {"tvl": 54603420957.6593}, "SOL": {"tvl": 5565955240.518053}, "BNB": {"tvl": 5403153627.712323}}