{"BTC": {"tvl": 7064012086.041087}, "ETH": {"tvl": 72707026543.44089}, "SOL": {"tvl": 9060279072.467606}, "BNB": {"tvl": 6931207419.124227}}