{"BTC": {"tvl": 5358831965.395947}, "ETH": {"tvl": 57429546107.07841}, "SOL": {"tvl": 6531247867.974731}, "BNB": {"tvl": 5585909267.046562}}