{"BTC": {"tvl": 7910876313.98093}, "ETH": {"tvl": 90744345054.27177}, "SOL": {"tvl": 12133033775.867542}, "BNB": {"tvl": 7466245780.083696}}