{"BTC": {"tvl": 4795913834.476156}, "ETH": {"tvl": 41826041893.84958}, "SOL": {"tvl": 5264971696.553627}, "BNB": {"tvl": 5435711218.762594}}