{"BTC": {"tvl": 8111904214.391275}, "ETH": {"tvl": 95253093542.9092}, "SOL": {"tvl": 11292306025.52233}, "BNB": {"tvl": 7747348996.729152}}