{"BTC": {"tvl": 6941071253.085033}, "ETH": {"tvl": 69874961315.20052}, "SOL": {"tvl": 8554930441.781869}, "BNB": {"tvl": 6825678103.469313}}