{"BTC": {"tvl": 3464587537.8669004}, "ETH": {"tvl": 40058735921.18049}, "SOL": {"tvl": 4867731267.751588}, "BNB": {"tvl": 4915346465.150778}}