{"BTC": {"tvl": 4588845041.386142}, "ETH": {"tvl": 56076359699.71135}, "SOL": {"tvl": 6802896748.559663}, "BNB": {"tvl": 5836856204.46027}}