{"BTC": {"tvl": 5052510110.889425}, "ETH": {"tvl": 55957194190.00357}, "SOL": {"tvl": 5892218390.572499}, "BNB": {"tvl": 5451968641.074345}}