{"BTC": {"tvl": 7398869256.15327}, "ETH": {"tvl": 89080002637.04985}, "SOL": {"tvl": 10654635811.823534}, "BNB": {"tvl": 7549754399.268463}}