{"BTC": {"tvl": 7868636089.639769}, "ETH": {"tvl": 90432478345.43993}, "SOL": {"tvl": 11430291417.982492}, "BNB": {"tvl": 7408629119.524663}}