{"BTC": {"tvl": 6880711587.943704}, "ETH": {"tvl": 70021893019.17313}, "SOL": {"tvl": 8517742882.304522}, "BNB": {"tvl": 6585549241.40153}}