{"BTC": {"tvl": 8041590847.901381}, "ETH": {"tvl": 85229543111.61087}, "SOL": {"tvl": 11107629651.664236}, "BNB": {"tvl": 8295397854.525435}}