{"BTC": {"tvl": 7975911723.424322}, "ETH": {"tvl": 96186813719.07198}, "SOL": {"tvl": 11477741396.519306}, "BNB": {"tvl": 7617300069.661206}}