{"BTC": {"tvl": 7391360127.627751}, "ETH": {"tvl": 74921805066.35954}, "SOL": {"tvl": 9109722069.64982}, "BNB": {"tvl": 7133105853.538948}}