{"BTC": {"tvl": 4249876395.3087277}, "ETH": {"tvl": 41517431746.310745}, "SOL": {"tvl": 4927607618.582781}, "BNB": {"tvl": 4820923503.85743}}