{"BTC": {"tvl": 4481359586.760024}, "ETH": {"tvl": 54776305804.41474}, "SOL": {"tvl": 6627773280.10864}, "BNB": {"tvl": 5574798978.332125}}