{"BTC": {"tvl": 4094761285.156996}, "ETH": {"tvl": 39702718465.563484}, "SOL": {"tvl": 5103260079.146359}, "BNB": {"tvl": 4967511395.183048}}