{"BTC": {"tvl": 6214808313.549826}, "ETH": {"tvl": 64956822827.926765}, "SOL": {"tvl": 8767449411.27494}, "BNB": {"tvl": 6649326868.060002}}