{"BTC": {"tvl": 6686248203.61333}, "ETH": {"tvl": 68552725980.50044}, "SOL": {"tvl": 8279965644.9543495}, "BNB": {"tvl": 6515633330.17447}}