{"BTC": {"tvl": 7282054656.859068}, "ETH": {"tvl": 74312181945.8119}, "SOL": {"tvl": 8837307815.600481}, "BNB": {"tvl": 6903476919.086414}}