{"BTC": {"tvl": 8069884586.2396}, "ETH": {"tvl": 85317895744.36336}, "SOL": {"tvl": 11243581904.146236}, "BNB": {"tvl": 8351447142.298015}}