{"BTC": {"tvl": 5101344891.639913}, "ETH": {"tvl": 55355016146.9275}, "SOL": {"tvl": 6463051710.80163}, "BNB": {"tvl": 5437703691.970662}}