{"BTC": {"tvl": 8119691987.010707}, "ETH": {"tvl": 86537087680.75987}, "SOL": {"tvl": 11549415395.784424}, "BNB": {"tvl": 8646442325.957302}}