{"BTC": {"tvl": 8025767398.649662}, "ETH": {"tvl": 92958363456.26231}, "SOL": {"tvl": 11688967117.848278}, "BNB": {"tvl": 7450783757.500238}}