{"BTC": {"tvl": 7580050956.8577385}, "ETH": {"tvl": 74870880165.54713}, "SOL": {"tvl": 10188344408.864412}, "BNB": {"tvl": 7715672934.966521}}