{"BTC": {"tvl": 4009530180.5521855}, "ETH": {"tvl": 37915325569.06842}, "SOL": {"tvl": 5027267782.917596}, "BNB": {"tvl": 4904093320.264422}}