{"BTC": {"tvl": 5052300289.352199}, "ETH": {"tvl": 43129909817.218254}, "SOL": {"tvl": 5926556131.406137}, "BNB": {"tvl": 5462204379.941543}}