{"BTC": {"tvl": 4536442167.609846}, "ETH": {"tvl": 52746337655.25568}, "SOL": {"tvl": 5463110797.342837}, "BNB": {"tvl": 5302955614.15806}}