{"BTC": {"tvl": 6639233530.90601}, "ETH": {"tvl": 71677303286.2369}, "SOL": {"tvl": 9002926583.801893}, "BNB": {"tvl": 7046025454.238115}}