{"BTC": {"tvl": 6815010124.211283}, "ETH": {"tvl": 67915846054.434}, "SOL": {"tvl": 8443164139.720041}, "BNB": {"tvl": 6433537279.787801}}