{"BTC": {"tvl": 4542947478.600977}, "ETH": {"tvl": 53304494791.31498}, "SOL": {"tvl": 6645305309.654196}, "BNB": {"tvl": 5536928776.341461}}