{"BTC": {"tvl": 8939795110.837738}, "ETH": {"tvl": 94012902947.04076}, "SOL": {"tvl": 12670600007.710926}, "BNB": {"tvl": 9230398969.612373}}