{"BTC": {"tvl": 5317821602.699468}, "ETH": {"tvl": 45792365969.1762}, "SOL": {"tvl": 5489805500.035564}, "BNB": {"tvl": 5546416438.21501}}