{"BTC": {"tvl": 3447310065.132666}, "ETH": {"tvl": 39945667622.190956}, "SOL": {"tvl": 4859368611.254726}, "BNB": {"tvl": 4910253272.152415}}