{"BTC": {"tvl": 5354551573.516413}, "ETH": {"tvl": 45821959689.99581}, "SOL": {"tvl": 5464424996.919579}, "BNB": {"tvl": 5540052285.633974}}