{"BTC": {"tvl": 6773723679.4729395}, "ETH": {"tvl": 68512503250.65479}, "SOL": {"tvl": 8706382032.510847}, "BNB": {"tvl": 6664378560.603773}}