{"BTC": {"tvl": 6649975152.192084}, "ETH": {"tvl": 69696302610.54568}, "SOL": {"tvl": 9250426792.019213}, "BNB": {"tvl": 7106169662.89157}}