{"BTC": {"tvl": 3123294472.9931846}, "ETH": {"tvl": 60290118440.34752}, "SOL": {"tvl": 7266367068.842845}, "BNB": {"tvl": 5980560248.218248}}