{"BTC": {"tvl": 6647678671.889171}, "ETH": {"tvl": 70739170825.74777}, "SOL": {"tvl": 9078358801.171917}, "BNB": {"tvl": 7067483008.354248}}