{"BTC": {"tvl": 2930477329.9148974}, "ETH": {"tvl": 55910759156.267654}, "SOL": {"tvl": 6870440312.601307}, "BNB": {"tvl": 5721458726.02138}}