{"BTC": {"tvl": 8530712534.036185}, "ETH": {"tvl": 94233528784.3164}, "SOL": {"tvl": 13013967856.143236}, "BNB": {"tvl": 7568626199.719608}}