{"BTC": {"tvl": 7652769857.048329}, "ETH": {"tvl": 92494425800.01707}, "SOL": {"tvl": 10585087308.876678}, "BNB": {"tvl": 7163734911.535682}}