{"BTC": {"tvl": 2961346957.139334}, "ETH": {"tvl": 57201346000.20787}, "SOL": {"tvl": 6938108033.189964}, "BNB": {"tvl": 5824566337.927408}}