{"BTC": {"tvl": 6505565653.143813}, "ETH": {"tvl": 69955036281.76906}, "SOL": {"tvl": 8795490096.764893}, "BNB": {"tvl": 6964601422.177356}}