{"BTC": {"tvl": 7443944422.906758}, "ETH": {"tvl": 96716618298.85564}, "SOL": {"tvl": 11205796894.00463}, "BNB": {"tvl": 7361983405.489242}}