{"BTC": {"tvl": 4196524922.679862}, "ETH": {"tvl": 38822172529.49076}, "SOL": {"tvl": 4962403582.258911}, "BNB": {"tvl": 5228085997.564099}}