{"BTC": {"tvl": 4571362828.049258}, "ETH": {"tvl": 54281669410.67249}, "SOL": {"tvl": 5510236912.0675}, "BNB": {"tvl": 5372324481.063305}}