{"BTC": {"tvl": 6827105016.128951}, "ETH": {"tvl": 71167826015.8212}, "SOL": {"tvl": 9439141543.721573}, "BNB": {"tvl": 7213340517.642587}}