{"BTC": {"tvl": 4503917402.369518}, "ETH": {"tvl": 55949695400.852394}, "SOL": {"tvl": 6674164280.0218115}, "BNB": {"tvl": 5882985874.806172}}