{"BTC": {"tvl": 5094905454.883548}, "ETH": {"tvl": 54039720619.87956}, "SOL": {"tvl": 6548881531.729273}, "BNB": {"tvl": 5684127900.00263}}