{"BTC": {"tvl": 6711515099.939875}, "ETH": {"tvl": 68583724521.55705}, "SOL": {"tvl": 8655312746.947414}, "BNB": {"tvl": 6630263382.793686}}