{"BTC": {"tvl": 7110162908.5581255}, "ETH": {"tvl": 96366522051.21808}, "SOL": {"tvl": 11243701750.499758}, "BNB": {"tvl": 7341996537.337}}