{"BTC": {"tvl": 4249471815.61753}, "ETH": {"tvl": 39200025115.15262}, "SOL": {"tvl": 4925391536.428074}, "BNB": {"tvl": 5157328237.748647}}