{"BTC": {"tvl": 7396925313.220595}, "ETH": {"tvl": 87925848916.53558}, "SOL": {"tvl": 10345539773.752424}, "BNB": {"tvl": 7248512793.895994}}