{"BTC": {"tvl": 8150006409.849519}, "ETH": {"tvl": 85826569987.00066}, "SOL": {"tvl": 11138116258.81137}, "BNB": {"tvl": 8370732848.231449}}