{"BTC": {"tvl": 6586356759.509105}, "ETH": {"tvl": 69330325875.69255}, "SOL": {"tvl": 9077230923.76703}, "BNB": {"tvl": 7086187279.404727}}