{"BTC": {"tvl": 6983626840.78217}, "ETH": {"tvl": 72147048701.56128}, "SOL": {"tvl": 8987185380.331465}, "BNB": {"tvl": 6907986412.913825}}