{"BTC": {"tvl": 5112044313.908969}, "ETH": {"tvl": 49549766152.58924}, "SOL": {"tvl": 5741499031.8739395}, "BNB": {"tvl": 5459912558.915774}}