{"BTC": {"tvl": 4194236597.7259555}, "ETH": {"tvl": 38951843258.8168}, "SOL": {"tvl": 4944672053.610688}, "BNB": {"tvl": 5235590063.999379}}