{"BTC": {"tvl": 8894786933.490208}, "ETH": {"tvl": 93060038400.17027}, "SOL": {"tvl": 12528553345.045322}, "BNB": {"tvl": 9100836237.784487}}