{"BTC": {"tvl": 8681722860.990198}, "ETH": {"tvl": 94850725950.52473}, "SOL": {"tvl": 12511206296.903193}, "BNB": {"tvl": 8073047863.09406}}