{"BTC": {"tvl": 8158405286.014253}, "ETH": {"tvl": 85990427578.46034}, "SOL": {"tvl": 11010513774.780262}, "BNB": {"tvl": 7666100983.678901}}