{"BTC": {"tvl": 6882141632.631023}, "ETH": {"tvl": 69777012236.8194}, "SOL": {"tvl": 8279755175.846259}, "BNB": {"tvl": 6799154806.844905}}