{"BTC": {"tvl": 8677432441.350227}, "ETH": {"tvl": 93955616438.6574}, "SOL": {"tvl": 12474765980.504765}, "BNB": {"tvl": 7852026888.966646}}