{"BTC": {"tvl": 4527464875.693074}, "ETH": {"tvl": 54027385055.14506}, "SOL": {"tvl": 6570952377.95743}, "BNB": {"tvl": 5387596440.568052}}