{"BTC": {"tvl": 4535722302.611433}, "ETH": {"tvl": 52613445085.56614}, "SOL": {"tvl": 5424056658.361793}, "BNB": {"tvl": 5279868479.064539}}