{"BTC": {"tvl": 4303833751.405771}, "ETH": {"tvl": 41782273150.89971}, "SOL": {"tvl": 4973170516.102356}, "BNB": {"tvl": 4929558579.359706}}