{"BTC": {"tvl": 4132923037.883946}, "ETH": {"tvl": 38470157948.588905}, "SOL": {"tvl": 4771169894.393102}, "BNB": {"tvl": 5120842597.0751095}}