{"BTC": {"tvl": 7491960944.036372}, "ETH": {"tvl": 75563466346.60832}, "SOL": {"tvl": 9900201278.025505}, "BNB": {"tvl": 7433506325.326278}}