{"BTC": {"tvl": 8022373225.493739}, "ETH": {"tvl": 85547451132.13321}, "SOL": {"tvl": 11153777048.31835}, "BNB": {"tvl": 8422932727.860155}}