{"BTC": {"tvl": 4058018583.405667}, "ETH": {"tvl": 36783785707.17717}, "SOL": {"tvl": 4798230108.050969}, "BNB": {"tvl": 5145051285.410464}}