{"BTC": {"tvl": 4273504243.5465074}, "ETH": {"tvl": 41419105509.8055}, "SOL": {"tvl": 4919618915.793665}, "BNB": {"tvl": 4908193827.379273}}