{"BTC": {"tvl": 7606426057.817788}, "ETH": {"tvl": 75966558345.81227}, "SOL": {"tvl": 10035342623.697433}, "BNB": {"tvl": 7501116921.932202}}