{"BTC": {"tvl": 7870216030.190692}, "ETH": {"tvl": 90531456585.75305}, "SOL": {"tvl": 11439592478.329237}, "BNB": {"tvl": 7398502176.661358}}