{"BTC": {"tvl": 4137512077.910134}, "ETH": {"tvl": 37565611468.092354}, "SOL": {"tvl": 4892148726.584707}, "BNB": {"tvl": 5182357036.778823}}