{"BTC": {"tvl": 6221287285.6309185}, "ETH": {"tvl": 65970731420.71065}, "SOL": {"tvl": 9233446584.386423}, "BNB": {"tvl": 6606666437.108186}}