{"BTC": {"tvl": 7829989958.266167}, "ETH": {"tvl": 91551067084.66757}, "SOL": {"tvl": 11502652585.667593}, "BNB": {"tvl": 7475490534.316573}}