{"BTC": {"tvl": 6225765091.339169}, "ETH": {"tvl": 65621463155.14809}, "SOL": {"tvl": 8549974355.09561}, "BNB": {"tvl": 6674203031.5865345}}