{"BTC": {"tvl": 3560385688.9665484}, "ETH": {"tvl": 40505168685.51443}, "SOL": {"tvl": 4932110470.467227}, "BNB": {"tvl": 4971236491.406668}}