{"BTC": {"tvl": 4342924348.449388}, "ETH": {"tvl": 53099108405.08455}, "SOL": {"tvl": 6518340737.299905}, "BNB": {"tvl": 5544195661.604279}}