{"BTC": {"tvl": 6457738966.099321}, "ETH": {"tvl": 69875443982.92352}, "SOL": {"tvl": 8815340611.652758}, "BNB": {"tvl": 6920257201.630018}}