{"BTC": {"tvl": 5207762455.12016}, "ETH": {"tvl": 45255498071.28971}, "SOL": {"tvl": 5541988575.576824}, "BNB": {"tvl": 5549134790.854941}}