{"BTC": {"tvl": 5066415268.998493}, "ETH": {"tvl": 55396762579.32139}, "SOL": {"tvl": 5896844654.900008}, "BNB": {"tvl": 5563421573.241068}}