{"BTC": {"tvl": 4864952607.401901}, "ETH": {"tvl": 54985732842.01385}, "SOL": {"tvl": 5732988123.4686}, "BNB": {"tvl": 5444653581.787531}}