{"BTC": {"tvl": 5277918471.557446}, "ETH": {"tvl": 57252605996.961815}, "SOL": {"tvl": 6047762076.052102}, "BNB": {"tvl": 5665366434.511817}}