{"BTC": {"tvl": 3813668195.6956325}, "ETH": {"tvl": 56192419178.22505}, "SOL": {"tvl": 6774468979.634096}, "BNB": {"tvl": 5469938275.577421}}