{"BTC": {"tvl": 6125667921.524311}, "ETH": {"tvl": 66065633552.59678}, "SOL": {"tvl": 9176218555.10947}, "BNB": {"tvl": 6502715117.136551}}