{"BTC": {"tvl": 5303456143.273088}, "ETH": {"tvl": 45697681033.50115}, "SOL": {"tvl": 5794981998.7723}, "BNB": {"tvl": 5608357644.93506}}