{"BTC": {"tvl": 8590024040.380558}, "ETH": {"tvl": 96779659385.23108}, "SOL": {"tvl": 13186130295.529043}, "BNB": {"tvl": 7673540949.352382}}