{"BTC": {"tvl": 4876310353.831582}, "ETH": {"tvl": 54402904639.8402}, "SOL": {"tvl": 5764502211.378189}, "BNB": {"tvl": 5385523842.848016}}