{"BTC": {"tvl": 7878607460.111188}, "ETH": {"tvl": 88541870957.94153}, "SOL": {"tvl": 10509995294.199125}, "BNB": {"tvl": 7463573938.992146}}