{"BTC": {"tvl": 8680131629.494797}, "ETH": {"tvl": 95128073599.15134}, "SOL": {"tvl": 12454333908.575047}, "BNB": {"tvl": 8103393944.977192}}