{"BTC": {"tvl": 5645644982.008135}, "ETH": {"tvl": 59555876030.67768}, "SOL": {"tvl": 7335934903.683131}, "BNB": {"tvl": 6059635300.434129}}