{"BTC": {"tvl": 3968308716.958344}, "ETH": {"tvl": 36080401592.712234}, "SOL": {"tvl": 4647976583.550764}, "BNB": {"tvl": 5017715156.128558}}