{"BTC": {"tvl": 4526721611.413711}, "ETH": {"tvl": 52673182152.659065}, "SOL": {"tvl": 5458580278.568795}, "BNB": {"tvl": 5292033557.04564}}