{"BTC": {"tvl": 4764431716.78098}, "ETH": {"tvl": 56094028215.3886}, "SOL": {"tvl": 6910398630.382933}, "BNB": {"tvl": 6064953434.236175}}