{"BTC": {"tvl": 4018646324.633345}, "ETH": {"tvl": 36284944993.91424}, "SOL": {"tvl": 4677770542.94431}, "BNB": {"tvl": 5060214827.432613}}