{"BTC": {"tvl": 6708520640.541854}, "ETH": {"tvl": 67366294285.492905}, "SOL": {"tvl": 8540121061.060012}, "BNB": {"tvl": 6526507096.055819}}