{"BTC": {"tvl": 4886756168.452683}, "ETH": {"tvl": 53819571980.45726}, "SOL": {"tvl": 5772925072.161816}, "BNB": {"tvl": 5405769018.596732}}