{"BTC": {"tvl": 8540561715.552505}, "ETH": {"tvl": 94438342683.13733}, "SOL": {"tvl": 12776184649.518084}, "BNB": {"tvl": 7585893999.949604}}