{"BTC": {"tvl": 5320753505.694424}, "ETH": {"tvl": 45110053994.47369}, "SOL": {"tvl": 5619232380.472378}, "BNB": {"tvl": 5542275750.179154}}