{"BTC": {"tvl": 4903701408.321887}, "ETH": {"tvl": 54083004036.39395}, "SOL": {"tvl": 5753239396.119687}, "BNB": {"tvl": 5388638235.522529}}