{"BTC": {"tvl": 6837191928.547219}, "ETH": {"tvl": 69495562711.7269}, "SOL": {"tvl": 8515574716.1624}, "BNB": {"tvl": 6494707258.912455}}