{"BTC": {"tvl": 7382138746.624213}, "ETH": {"tvl": 88950330046.58784}, "SOL": {"tvl": 10871882377.296238}, "BNB": {"tvl": 7578091885.426007}}