{"BTC": {"tvl": 6829292618.387271}, "ETH": {"tvl": 69246917062.84427}, "SOL": {"tvl": 8511579719.596309}, "BNB": {"tvl": 6535698604.764171}}