{"BTC": {"tvl": 5072334118.239035}, "ETH": {"tvl": 44823871796.34709}, "SOL": {"tvl": 5408387815.142238}, "BNB": {"tvl": 5450979938.825339}}