{"BTC": {"tvl": 8035436811.817499}, "ETH": {"tvl": 95281287841.48439}, "SOL": {"tvl": 11465954414.597017}, "BNB": {"tvl": 7559764813.269768}}