{"BTC": {"tvl": 4384036620.168615}, "ETH": {"tvl": 55094293078.63244}, "SOL": {"tvl": 6558996648.63536}, "BNB": {"tvl": 5827223464.312083}}