{"BTC": {"tvl": 7753713453.66857}, "ETH": {"tvl": 94197671747.39014}, "SOL": {"tvl": 10948285979.238663}, "BNB": {"tvl": 7478453125.378789}}