{"BTC": {"tvl": 8277390742.401494}, "ETH": {"tvl": 88719632373.7363}, "SOL": {"tvl": 11626411139.095327}, "BNB": {"tvl": 8893264888.579342}}