{"BTC": {"tvl": 6465858311.868868}, "ETH": {"tvl": 65886200661.1956}, "SOL": {"tvl": 8902405867.455393}, "BNB": {"tvl": 6806670991.532349}}