{"BTC": {"tvl": 4219816766.7361255}, "ETH": {"tvl": 37932921842.64296}, "SOL": {"tvl": 4734993740.368733}, "BNB": {"tvl": 5232114179.246954}}