{"BTC": {"tvl": 8001494845.896885}, "ETH": {"tvl": 92781697705.1581}, "SOL": {"tvl": 11635857199.01958}, "BNB": {"tvl": 7431581053.025471}}