{"BTC": {"tvl": 4240295297.6899667}, "ETH": {"tvl": 39091419782.32915}, "SOL": {"tvl": 4904016369.445722}, "BNB": {"tvl": 5136440027.524531}}